repeat,dim,bottleneck,ratio,spearman,pvalue,final_loss
0,200,2,0.01,0.03348031430256972,0.0008123515476055716,63.038537693023684
0,160,6,0.0375,0.06432323201549996,1.2090923138497836e-10,51.93561477661133
0,192,12,0.0625,0.09310615857797266,1.061481865178027e-20,58.93025884628296
0,176,16,0.0909,0.08560843409902558,9.86408234270492e-18,55.565301704406735
0,200,24,0.12,0.08326406076072429,7.438513443993316e-17,62.639705657958984
0,192,28,0.1458,0.09185628512506665,3.450498807601334e-20,59.93280687332153
0,160,28,0.175,0.12948542634359905,1.1966683021438923e-38,50.418570804595944
0,160,32,0.2,0.08710400675476601,2.6407239771069437e-18,51.007581615448
0,96,20,0.2083,0.1846182234166459,2.2211992623772655e-77,31.344192934036254
0,128,32,0.25,0.13161325479937663,6.9805626663951946e-40,41.490908813476565
0,112,32,0.2857,0.16776106941252833,4.992214318793226e-64,36.11974906921387
0,64,20,0.3125,0.2180636711486367,6.174329601377559e-108,22.216511535644532
0,56,20,0.3571,0.2334415604344156,7.5269037421126795e-124,18.013305473327637
0,80,32,0.4,0.13795266623952665,1.1089963553418895e-43,27.01687021255493
0,56,24,0.4286,0.2859980604999806,1.5160345837163745e-187,19.170106220245362
0,64,28,0.4375,0.20989875481098752,5.721023905394454e-100,21.630117177963257
0,64,32,0.5,0.263921402339214,5.402152258145459e-159,20.604475593566896
0,56,32,0.5714,0.26442242606822425,1.2999552490644532e-159,20.0668185710907
0,48,28,0.5833,0.24965015605250157,6.2109661044052e-142,16.12130753993988
0,40,24,0.6,0.25263555749435557,2.0574117269666054e-145,11.44251503944397
0,32,20,0.625,0.29263760353037604,1.16905240954831e-196,8.988268899917603
0,48,32,0.6667,0.3252477872764779,4.4154654517533965e-245,14.822992753982543
0,40,28,0.7,0.2596414635404146,9.172574397062964e-154,13.01251516342163
0,28,20,0.7143,0.37561909453219094,0.0,7.9406714081764225
0,32,24,0.75,0.4262148735621487,0.0,7.005479562282562
0,40,32,0.8,0.39014176027341757,0.0,13.559217143058778
0,24,20,0.8333,0.49528299692083,0.0,5.156767392158509
0,28,24,0.8571,0.46886822740468226,0.0,5.551153016090393
0,32,28,0.875,0.33391847874318475,5.160616403042986e-259,7.833154392242432
0,32,32,1.0,0.4192174425521744,0.0,9.73268758058548
1,200,2,0.01,0.04238755711248398,2.2338896300805458e-05,62.92206516265869
1,160,6,0.0375,0.07852629614666375,3.726739797380248e-15,50.85180435180664
1,192,12,0.0625,0.07531119964772325,4.667786257166045e-14,59.954049301147464
1,176,16,0.0909,0.05879214042953745,4.015139552295228e-09,55.249366760253906
1,200,24,0.12,0.08517316864111016,1.441397362940468e-17,62.30954380035401
1,192,28,0.1458,0.09053134309877263,1.1832763625584907e-19,60.44333658218384
1,160,28,0.175,0.10638603026383335,1.4437163691943232e-26,50.5122034072876
1,160,32,0.2,0.13348861818328095,5.484679766427076e-41,50.852140712738034
1,96,20,0.2083,0.14788021427632467,5.319148941227562e-50,31.826046323776247
1,128,32,0.25,0.14918828510687016,7.234059362974176e-51,41.796123027801514
1,112,32,0.2857,0.16059914896521923,9.209103631191173e-59,36.2558352470398
1,64,20,0.3125,0.23568672343686722,2.8355873067929882e-126,18.141830015182496
1,56,20,0.3571,0.2565793246777932,4.4099785894737743e-150,16.203564715385436
1,80,32,0.4,0.18963903542439034,1.2805281761810727e-81,27.567338943481445
1,56,24,0.4286,0.24388832867088328,2.3845369609160153e-135,19.75242600440979
1,64,28,0.4375,0.25491947155719474,4.1637744404527105e-148,22.280299282073976
1,64,32,0.5,0.2554056462460565,1.1028065360535477e-148,21.183246517181395
1,56,32,0.5714,0.2291635597796356,2.654871041030616e-119,17.1770742893219
1,48,28,0.5833,0.2466845496308455,1.5984160498866957e-138,15.74718210697174
1,40,24,0.6,0.313789098593891,2.324288489192836e-227,12.227926802635192
1,32,20,0.625,0.4291669743316697,0.0,8.231233203411103
1,48,32,0.6667,0.2851845082398451,1.907164438367548e-186,15.226800322532654
1,40,28,0.7,0.3759879821078798,0.0,12.51226348876953
1,28,20,0.7143,0.45996831303968316,0.0,7.142713630199433
1,32,24,0.75,0.4470180728461807,0.0,6.10487779378891
1,40,32,0.8,0.32777091736970915,4.3415850698575975e-249,12.905665850639343
1,24,20,0.8333,0.4448234208562342,0.0,4.867132639884948
1,28,24,0.8571,0.45749138291091385,0.0,7.856784677505493
1,32,28,0.875,0.47721661239216606,0.0,9.260416913032532
1,32,32,1.0,0.4778617291106173,0.0,8.946147298812866
2,200,2,0.01,0.058443240435337225,4.957495787142969e-09,62.58013515472412
2,160,6,0.0375,0.07977705027416712,1.3554923115604077e-15,51.02414636611938
2,192,12,0.0625,0.054773032026593976,4.2356776116817114e-08,60.24762296676636
2,176,16,0.0909,0.09399814148979102,4.5324111805692646e-21,55.7745979309082
2,200,24,0.12,0.08525511237074324,1.3422561800034496e-17,62.29771432876587
2,192,28,0.1458,0.10659517901338762,1.1503386514573374e-26,59.13242559432983
2,160,28,0.175,0.07734424605231469,9.553588528577395e-15,50.954563522338866
2,160,32,0.2,0.1271094649817713,2.7018996748181416e-37,50.80726480484009
2,96,20,0.2083,0.19540761230832207,1.2204901510046804e-86,32.08946957588196
2,128,32,0.25,0.1348792639849692,8.120838607312513e-42,41.255234718322754
2,112,32,0.2857,0.14953290954757822,4.2637132103738687e-51,36.74579553604126
2,64,20,0.3125,0.21204321675243218,4.978858093472174e-102,22.895658874511717
2,56,20,0.3571,0.27275522112355216,4.2338140331883506e-170,17.426263427734376
2,80,32,0.4,0.20813432047196762,2.7265918477848324e-98,26.485652112960814
2,56,24,0.4286,0.33578910978989107,4.4358105167215697e-262,17.294053840637208
2,64,28,0.4375,0.2398714098347141,7.338187924097713e-131,22.28542833328247
2,64,32,0.5,0.2484761295367613,1.4087082406707161e-140,20.03407425880432
2,56,32,0.5714,0.29518978849189786,3.1550674273055055e-200,19.60050539970398
2,48,28,0.5833,0.27478531610385315,1.0345505163186104e-172,17.07031080722809
2,40,24,0.6,0.3934002399220024,0.0,10.57923378944397
2,32,20,0.625,0.41082365750823663,0.0,10.051851034164429
2,48,32,0.6667,0.31940033628200337,6.10366319975901e-236,14.086379408836365
2,40,28,0.7,0.3635424416634244,3.91956913637337e-310,10.032372879981995
2,28,20,0.7143,0.4405694871856949,0.0,10.033659434318542
2,32,24,0.75,0.39640294212402943,0.0,8.750456619262696
2,40,32,0.8,0.36259371224593717,2.075402720834622e-308,11.614129090309143
2,24,20,0.8333,0.47917178534771787,0.0,5.088337469100952
2,28,24,0.8571,0.5065334109613342,0.0,4.503473961353302
2,32,28,0.875,0.40054996820149963,0.0,7.868646132946014
2,32,32,1.0,0.35738882439388825,4.6838139034440716e-299,11.054508531093598
3,200,2,0.01,0.06850900187216048,6.978143843758252e-12,63.02979097366333
3,160,6,0.0375,0.08651192912326398,4.4614466368532604e-18,50.57153158187866
3,192,12,0.0625,0.0654825927541811,5.5837627218833e-11,60.41619958877563
3,176,16,0.0909,0.06477646766978641,8.953171297541283e-11,56.51393728256225
3,200,24,0.12,0.08680283119147139,3.449590270544324e-18,62.28979625701904
3,192,28,0.1458,0.09545538261889525,1.109131564752884e-21,59.955670070648196
3,160,28,0.175,0.10749172331633372,4.322285305845876e-27,51.403248405456544
3,160,32,0.2,0.0987101754713695,4.422107380026683e-23,50.57821846008301
3,96,20,0.2083,0.1656567739963984,1.8642444463434035e-62,32.52285017967224
3,128,32,0.25,0.1346228238146465,1.156741492370103e-41,40.397407150268556
3,112,32,0.2857,0.14756324373430701,8.602252287976411e-50,36.67291345596313
3,64,20,0.3125,0.26154364049943646,4.4686852574720584e-156,21.648448848724364
3,56,20,0.3571,0.265843195782432,2.2506489053254796e-161,19.295241403579713
3,80,32,0.4,0.19479501552687206,4.240183312435824e-86,26.732239532470704
3,56,24,0.4286,0.2900338867643389,4.687138263004571e-193,18.661634922027588
3,64,28,0.4375,0.1703505908395059,5.431402883678539e-66,23.714533519744872
3,64,32,0.5,0.24357812109578122,5.3331599855636526e-135,22.455203199386595
3,56,32,0.5714,0.29513269592332697,3.795299068230357e-200,19.0381582736969
3,48,28,0.5833,0.29405420216454203,1.2344905293390664e-198,14.932380104064942
3,40,24,0.6,0.33608085224480855,1.4686259835980153e-262,13.015661978721619
3,32,20,0.625,0.41947063290670633,0.0,10.618278861045837
3,48,32,0.6667,0.3023861445238615,1.7256398892697532e-210,17.151997423172
3,40,28,0.7,0.32936739552567396,1.208482540779359e-251,11.72065544128418
3,28,20,0.7143,0.43335683065356834,0.0,7.871378719806671
3,32,24,0.75,0.4380734116207341,0.0,10.053774070739745
3,40,32,0.8,0.35932336462123365,1.6389766438914705e-302,12.309148359298707
3,24,20,0.8333,0.49831817563518177,0.0,2.7470325767993926
3,28,24,0.8571,0.4968518859605188,0.0,6.915950405597687
3,32,28,0.875,0.41067655061076547,0.0,7.1666666030883786
3,32,32,1.0,0.3362824923988249,6.83608326605848e-263,7.470839965343475
4,200,2,0.01,0.055246789340002454,3.235138884259855e-08,63.37175254821777
4,160,6,0.0375,0.08855975519205042,7.164751353225451e-19,51.48506212234497
4,192,12,0.0625,0.08069369564169163,6.395305064760143e-16,60.41703977584839
4,176,16,0.0909,0.09190981659927558,3.28167522399659e-20,55.18823003768921
4,200,24,0.12,0.10877427542081868,1.0503547749272425e-27,62.61734075546265
4,192,28,0.1458,0.09387987148480272,5.076156713406348e-21,60.494193363189694
4,160,28,0.175,0.1336265309750517,4.542314396668257e-41,51.434583473205564
4,160,32,0.2,0.10859774383330638,1.2774241189050515e-27,51.11589813232422
4,96,20,0.2083,0.16242253621517647,4.4296809819376305e-60,31.76767134666443
4,128,32,0.25,0.1651698975605194,4.278604382793244e-62,41.29980936050415
4,112,32,0.2857,0.13594363553134134,1.8566013070056186e-42,36.68379602432251
4,64,20,0.3125,0.2279146776231468,5.420173774757897e-118,21.545123481750487
4,56,20,0.3571,0.26667671792676717,2.059533656466517e-162,19.252003383636474
4,80,32,0.4,0.18856698758023557,1.0537593679594794e-80,27.348563051223756
4,56,24,0.4286,0.2874170128861701,1.7942832450921256e-189,18.942616319656373
4,64,28,0.4375,0.18070111732301117,3.71395212066327e-74,22.196180725097655
4,64,32,0.5,0.2884372210243722,7.270974719336028e-191,20.89409394264221
4,56,32,0.5714,0.30378268147382687,1.6262377455997504e-212,18.181441450119017
4,48,28,0.5833,0.3138820727948207,1.6812175723614622e-227,15.67070164680481
4,40,24,0.6,0.34461114684211147,7.907064148661146e-277,14.241074872016906
4,32,20,0.625,0.44523319898433195,0.0,9.248923301696777
4,48,32,0.6667,0.36235048843150486,5.729302429723453e-308,16.782669615745544
4,40,28,0.7,0.3378938791749388,1.485438413697098e-265,12.631903719902038
4,28,20,0.7143,0.43820058314600585,0.0,8.764098596572875
4,32,24,0.75,0.41273751821937515,0.0,8.458240842819214
4,40,32,0.8,0.33740284622602845,9.660961042425078e-265,11.84275825023651
4,24,20,0.8333,0.39023037967430374,0.0,6.8348672747612
4,28,24,0.8571,0.4222683485626835,0.0,8.130980002880097
4,32,28,0.875,0.4067756391717564,0.0,8.279525923728944
4,32,32,1.0,0.39032121115521207,0.0,7.545809686183929
5,200,2,0.01,0.045974605548612,4.238769085744758e-06,62.42202606201172
5,160,6,0.0375,0.09228667007068303,2.3033829899316977e-20,51.15576934814453
5,192,12,0.0625,0.047070495830908755,2.488480554747304e-06,60.09451665878296
5,176,16,0.0909,0.09578023142458321,8.0802188530709515e-22,55.354105377197264
5,200,24,0.12,0.056705711642700544,1.3915265640626843e-08,62.262042140960695
5,192,28,0.1458,0.09863381170473505,4.775269431741359e-23,60.38010196685791
5,160,28,0.175,0.1026385897831235,7.8371696034980485e-25,50.453536701202395
5,160,32,0.2,0.13224318383028716,2.982620465884941e-40,50.0482400894165
5,96,20,0.2083,0.16275689579088054,2.529451144926244e-60,32.14681086540222
5,128,32,0.25,0.11885336048896276,8.648870253431824e-33,41.77782163619995
5,112,32,0.2857,0.13563602976730255,2.847517993405031e-42,36.49349098205566
5,64,20,0.3125,0.23126058761660584,1.6091770790277347e-121,21.235997676849365
5,56,20,0.3571,0.2737121702891217,2.5020181640155873e-171,17.264204692840575
5,80,32,0.4,0.21038165416234111,1.9747178288777483e-100,27.514927911758424
5,56,24,0.4286,0.22969961396899613,7.233325782671959e-120,19.51676564216614
5,64,28,0.4375,0.2640914915169149,3.3319641976864634e-159,20.326318120956422
5,64,32,0.5,0.20630418560304187,1.4454595771920286e-96,21.630680322647095
5,56,32,0.5714,0.3405408516934085,5.791058591262729e-270,18.719676780700684
5,48,28,0.5833,0.3134261538622615,8.221011973138274e-227,15.8087660074234
5,40,24,0.6,0.3655560375075604,0.0,11.94366796016693
5,32,20,0.625,0.3927417707074177,0.0,9.48394696712494
5,48,32,0.6667,0.32206970928469714,4.3468973576557054e-240,16.036765909194948
5,40,28,0.7,0.36353251231132516,4.0861149906513e-310,12.092983865737915
5,28,20,0.7143,0.4423607431876074,0.0,7.9597439646720884
5,32,24,0.75,0.34783376296633767,2.4519080464352967e-282,11.873629689216614
5,40,32,0.8,0.3178694182906942,1.3966953943174805e-233,11.857679772377015
5,24,20,0.8333,0.47985175273051756,0.0,4.862163931131363
5,28,24,0.8571,0.43585476680654767,0.0,6.499863964319229
5,32,28,0.875,0.3725298599452986,0.0,9.507318472862243
5,32,32,1.0,0.4187604192116042,0.0,11.01497242450714
6,200,2,0.01,0.0508992261292219,3.5321009908089325e-07,63.51119508743286
6,160,6,0.0375,0.08471426970264052,2.1456347677442396e-17,51.305616569519046
6,192,12,0.0625,0.05833019171150191,5.306619932971529e-09,60.20344409942627
6,176,16,0.0909,0.09027509160647776,1.4986699162449703e-19,55.64340400695801
6,200,24,0.12,0.08070381119186816,6.342210610651643e-16,62.13178958892822
6,192,28,0.1458,0.07416302540869169,1.1226772735904477e-13,59.89191694259644
6,160,28,0.175,0.12562964678457703,1.8274956330991538e-36,50.69079332351684
6,160,32,0.2,0.09379313860894054,5.515445888985187e-21,50.75066137313843
6,96,20,0.2083,0.15807856752557342,5.759165449757557e-57,31.863149213790894
6,128,32,0.25,0.11954816753790753,3.712457956995104e-33,40.90757303237915
6,112,32,0.2857,0.11535648868047564,5.656643837904496e-31,36.52929134368897
6,64,20,0.3125,0.22321539552015393,3.911655023784184e-113,22.45738615989685
6,56,20,0.3571,0.27301509582615097,1.966174668925376e-170,19.007079219818117
6,80,32,0.4,0.17617259303825444,1.6026464594275202e-70,27.576790952682494
6,56,24,0.4286,0.3103266581232666,3.705138125161792e-222,18.782226037979125
6,64,28,0.4375,0.23826106313461062,4.379696512572941e-129,21.417647266387938
6,64,32,0.5,0.2625905750139058,2.3403123401602355e-157,22.27904329299927
6,56,32,0.5714,0.2812780468367804,3.2330041724485435e-181,19.513366889953613
6,48,28,0.5833,0.3085586501415865,1.5789819827350645e-219,15.643466997146607
6,40,24,0.6,0.2780054265320543,6.691018701704838e-177,12.994694590568542
6,32,20,0.625,0.4026989697789897,0.0,6.81940199136734
6,48,32,0.6667,0.310757199647572,8.427568236044189e-223,15.840603947639465
6,40,28,0.7,0.40073379971933804,0.0,11.753705596923828
6,28,20,0.7143,0.43850138700501384,0.0,5.758503091335297
6,32,24,0.75,0.27256944381769443,7.322132550280847e-170,8.319077694416046
6,40,32,0.8,0.4230182911381829,0.0,8.077674841880798
6,24,20,0.8333,0.36529246801692467,0.0,5.462716913223266
6,28,24,0.8571,0.40166052024860527,0.0,8.803615403175353
6,32,28,0.875,0.40666779337067793,0.0,6.717347407341004
6,32,32,1.0,0.3402190840621908,2.0000628495109158e-269,9.941068005561828
7,200,2,0.01,0.04577037993717217,4.6750486761604036e-06,63.05155696868896
7,160,6,0.0375,0.0914762114698191,4.922679838521343e-20,51.67566108703613
7,192,12,0.0625,0.06749294051566475,1.4170209379193728e-11,60.4106987953186
7,176,16,0.0909,0.06465395233335791,9.712593313020778e-11,55.15425853729248
7,200,24,0.12,0.06788365392880465,1.0804540078582461e-11,62.28680772781372
7,192,28,0.1458,0.10126283836732086,3.2758461003474992e-24,59.56747627258301
7,160,28,0.175,0.08947151608533463,3.1306654087591155e-19,50.949946308135985
7,160,32,0.2,0.11278417018257005,1.1300074299761463e-29,51.104205417633054
7,96,20,0.2083,0.15796734751219865,6.901295516010885e-57,32.5868239402771
7,128,32,0.25,0.14214638577496866,2.696476067869637e-46,41.74925079345703
7,112,32,0.2857,0.13427260227949725,1.873148862462122e-41,37.041949367523195
7,64,20,0.3125,0.20113893779538938,8.667317354019996e-92,21.94744715690613
7,56,20,0.3571,0.21649106210891061,2.2433048791153414e-106,18.479660034179688
7,80,32,0.4,0.1622363480428502,6.048570208636353e-60,27.40604963302612
7,56,24,0.4286,0.27874785672347857,7.104814121472909e-178,18.49819498062134
7,64,28,0.4375,0.2474941684709417,1.8930676912329126e-139,21.60726571083069
7,64,32,0.5,0.2609067569210676,2.6701285034586103e-155,22.01270909309387
7,56,32,0.5714,0.269379307817793,8.330748279321861e-166,17.318836069107057
7,48,28,0.5833,0.33591287954312876,2.775708278945706e-262,14.035577630996704
7,40,24,0.6,0.3109665893056659,4.0977490892860234e-223,13.999347257614136
7,32,20,0.625,0.3769116289811163,0.0,7.264228987693786
7,48,32,0.6667,0.3144392291763923,2.4077248912478744e-228,16.90161488056183
7,40,28,0.7,0.4043447463954475,0.0,9.975833821296693
7,28,20,0.7143,0.4307016853190168,0.0,6.568417179584503
7,32,24,0.75,0.4582269392382694,0.0,7.911272394657135
7,40,32,0.8,0.4033216146132162,0.0,11.917658424377441
7,24,20,0.8333,0.4489823865138239,0.0,5.175866311788559
7,28,24,0.8571,0.41018553561385535,0.0,6.13331549167633
7,32,28,0.875,0.3912147409921474,0.0,9.942954540252686
7,32,32,1.0,0.308527596133276,1.755503634874035e-219,6.635819351673126
8,200,2,0.01,0.01983542999604406,0.04731270459516946,62.86640405654907
8,160,6,0.0375,0.07927388199935374,2.0399372752349956e-15,51.03186321258545
8,192,12,0.0625,0.08893906572510896,5.082285704626883e-19,60.78587112426758
8,176,16,0.0909,0.110019530607277,2.6169690037516098e-28,55.58355903625488
8,200,24,0.12,0.06576296280990349,4.6229070559505623e-11,62.6631947517395
8,192,28,0.1458,0.053606612962058105,8.146750175472379e-08,60.26507120132446
8,160,28,0.175,0.10245247000829685,9.52106761653966e-25,51.595203971862794
8,160,32,0.2,0.08585770639777962,7.93131347211136e-18,50.99015731811524
8,96,20,0.2083,0.14280509912519415,1.0300484599636562e-46,32.37333617210388
8,128,32,0.25,0.10176393875308287,1.9500472683613407e-24,42.45503797531128
8,112,32,0.2857,0.15224626226082533,6.35193323044815e-53,37.106478977203366
8,64,20,0.3125,0.24441314552013144,6.093080864831954e-136,21.74025444984436
8,56,20,0.3571,0.262495805312958,3.0581869757971634e-157,17.69940495491028
8,80,32,0.4,0.21435430181018605,2.825749224159878e-104,27.20334634780884
8,56,24,0.4286,0.25598051059580507,2.2837203908491017e-149,18.59013738632202
8,64,28,0.4375,0.25228515942285157,5.2987978556644965e-145,21.332328033447265
8,64,32,0.5,0.19465705310657055,5.6096727260065905e-86,20.68268280029297
8,56,32,0.5714,0.31275653379156537,8.41612793668803e-226,17.985032510757446
8,48,28,0.5833,0.3346173399461734,3.7141742735323894e-260,14.8805330991745
8,40,24,0.6,0.35365266047652666,1.8930088008940498e-292,12.000312566757202
8,32,20,0.625,0.4259261799352618,0.0,7.361772918701172
8,48,32,0.6667,0.31029662095896615,4.1080031999975714e-222,14.416888070106506
8,40,28,0.7,0.3542056836380568,2.0178527252327285e-293,12.746179294586181
8,28,20,0.7143,0.4076117478681175,0.0,8.462210726737975
8,32,24,0.75,0.324410499832105,9.254135072963618e-244,10.451404666900634
8,40,32,0.8,0.43309867574298677,0.0,10.667368149757385
8,24,20,0.8333,0.4422538304465384,0.0,5.38212000131607
8,28,24,0.8571,0.34012050716920506,2.9229729896915574e-269,6.687476074695587
8,32,28,0.875,0.39945276121052764,0.0,13.336538052558899
8,32,32,1.0,0.4318870234428702,0.0,8.655131900310517
9,200,2,0.01,0.055589184737592466,2.658992996348399e-08,62.4434250831604
9,160,6,0.0375,0.07810257577445491,5.230965609628982e-15,51.32256116867065
9,192,12,0.0625,0.07233479458364644,4.4191047047409355e-13,61.99574518203735
9,176,16,0.0909,0.06100477022020329,1.0254284715375578e-09,55.95827445983887
9,200,24,0.12,0.08899486575232857,4.831317415221677e-19,62.62573919296265
9,192,28,0.1458,0.08055062700289907,7.194841430204783e-16,60.1175217628479
9,160,28,0.175,0.10094827916949303,4.530745526483686e-24,51.047139167785645
9,160,32,0.2,0.08605613728816269,6.664323763009486e-18,50.66667013168335
9,96,20,0.2083,0.20520958489296298,1.525693051947806e-95,31.597490215301512
9,128,32,0.25,0.11617486461448673,2.1506874494279593e-31,41.35927667617798
9,112,32,0.2857,0.1619157594669677,1.0332487728324888e-59,36.230797386169435
9,64,20,0.3125,0.19924468578044685,4.542500206001084e-90,23.341282176971436
9,56,20,0.3571,0.25920251730002514,3.1141754170850976e-153,19.34761686325073
9,80,32,0.4,0.2035299529519101,5.526809985608443e-94,25.936384010314942
9,56,24,0.4286,0.2924055502400555,2.4575439111554393e-196,19.29654417037964
9,64,28,0.4375,0.2439286792352868,2.1473126775193124e-135,22.68344168663025
9,64,32,0.5,0.1905569497655695,2.085605068421276e-82,22.472490882873537
9,56,32,0.5714,0.2766352306503523,4.1210739644231806e-175,19.499330759048462
9,48,28,0.5833,0.3379998235759982,9.913172622356213e-266,15.050655412673951
9,40,24,0.6,0.4190940125669401,0.0,11.73275809288025
9,32,20,0.625,0.4290174682621747,0.0,9.09726539850235
9,48,32,0.6667,0.32105054991050547,1.6851969283621492e-238,13.31959068775177
9,40,28,0.7,0.35326029500860295,9.242349914797955e-292,10.164891648292542
9,28,20,0.7143,0.3920704229487042,0.0,9.230329513549805
9,32,24,0.75,0.39682340879623407,0.0,9.144115757942199
9,40,32,0.8,0.3544839221088392,6.531057272927717e-294,9.016293048858643
9,24,20,0.8333,0.5126873848828738,0.0,2.86266975402832
9,28,24,0.8571,0.45908239801882395,0.0,4.88833624124527
9,32,28,0.875,0.4112992758809928,0.0,7.395060467720032
9,32,32,1.0,0.3914773180707732,0.0,9.635682678222656
10,200,2,0.01,0.055393403923218766,2.9749635046016945e-08,63.22514791488648
10,160,6,0.0375,0.09091094977131382,8.32790546153955e-20,51.71659936904907
10,192,12,0.0625,0.0825204082455251,1.395683504819311e-16,60.41290397644043
10,176,16,0.0909,0.0805909436229453,6.960067275512254e-16,55.11251058578491
10,200,24,0.12,0.09300092533560692,1.1729604953849547e-20,62.44092559814453
10,192,28,0.1458,0.0889443477072639,5.057987782810174e-19,59.96463975906372
10,160,28,0.175,0.08894140569428106,5.07150729919378e-19,51.55155620574951
10,160,32,0.2,0.12257802549865598,8.760938365460036e-35,50.519381809234616
10,96,20,0.2083,0.17166495018295772,5.324101028211966e-67,31.059809112548827
10,128,32,0.25,0.11777373879252995,3.186926433718247e-32,40.654415893554685
10,112,32,0.2857,0.16557325189078131,2.1501858435311075e-62,37.04716606140137
10,64,20,0.3125,0.20354119609941196,5.396161222410449e-94,22.72237362861633
10,56,20,0.3571,0.3016875349008753,1.7624961790389936e-209,18.583388376235963
10,80,32,0.4,0.21746527205065272,2.4308717205855115e-107,27.05860733985901
10,56,24,0.4286,0.2556355102803551,5.878461609307381e-149,18.060284423828126
10,64,28,0.4375,0.23577008767770086,2.3021945016044248e-126,21.276244258880617
10,64,32,0.5,0.2545409727134097,1.1690196169284797e-147,20.828218269348145
10,56,32,0.5714,0.26677054107970544,1.5726586068572904e-162,17.889073848724365
10,48,28,0.5833,0.25266438897064386,1.9032084111241933e-145,14.594766759872437
10,40,24,0.6,0.3664329673243297,0.0,10.5942391872406
10,32,20,0.625,0.3883475491274755,0.0,7.428555262088776
10,48,32,0.6667,0.3468526877645269,1.184093296354337e-280,16.38233873844147
10,40,28,0.7,0.4094097138740971,0.0,13.15791585445404
10,28,20,0.7143,0.36903852592238523,0.0,4.894061732292175
10,32,24,0.75,0.4006318124863181,0.0,8.813667273521423
10,40,32,0.8,0.34569413202094135,1.1326694294664082e-278,11.422099900245666
10,24,20,0.8333,0.4236068355840683,0.0,4.661184144020081
10,28,24,0.8571,0.4876842863928429,0.0,4.674681174755096
10,32,28,0.875,0.4660499181764992,0.0,6.206724911928177
10,32,32,1.0,0.4454524278265242,0.0,8.779288816452027
11,200,2,0.01,0.0695272221916723,3.396053091864742e-12,63.92170648574829
11,160,6,0.0375,0.055849224364364805,2.289257625751718e-08,50.875827884674074
11,192,12,0.0625,0.060092821240867775,1.8103846918316704e-09,60.308339309692386
11,176,16,0.0909,0.08867550173195818,6.452937921568659e-19,55.2251576423645
11,200,24,0.12,0.07004479807973056,2.3457003849269976e-12,63.20344934463501
11,192,28,0.1458,0.0656312054324294,5.052403840701302e-11,60.34929161071777
11,160,28,0.175,0.1206046871147311,1.0162104127010622e-33,50.443399333953856
11,160,32,0.2,0.09014724468718668,1.685761743047323e-19,51.33321342468262
11,96,20,0.2083,0.14176303630455034,4.7109194153758505e-46,32.078152322769164
11,128,32,0.25,0.16882184487309557,7.903799546330848e-65,41.69985504150391
11,112,32,0.2857,0.14670392466158627,3.1496519153538264e-49,36.67543859481812
11,64,20,0.3125,0.22653504684935047,1.4856899250614827e-116,21.968890476226807
11,56,20,0.3571,0.25911614372316144,3.9598675863594865e-153,18.171611261367797
11,80,32,0.4,0.21846659728866596,2.4480871154662087e-108,27.271035861968993
11,56,24,0.4286,0.25395231402752316,5.802157540063976e-147,17.91314353942871
11,64,28,0.4375,0.24592919362729193,1.1615359351067585e-137,22.552352380752563
11,64,32,0.5,0.23102245525822457,2.880957509811311e-121,20.338852453231812
11,56,32,0.5714,0.2905239416772394,9.900779717764751e-194,19.061297512054445
11,48,28,0.5833,0.34158235839182355,1.0375714163846145e-271,16.52857549190521
11,40,24,0.6,0.4021364119693641,0.0,9.922838246822357
11,32,20,0.625,0.31377470418574704,2.443788644332678e-227,10.023249769210816
11,48,32,0.6667,0.2708785898367859,1.0503156285155202e-167,15.368337202072144
11,40,28,0.7,0.3984675797046758,0.0,10.277968525886536
11,28,20,0.7143,0.41858549225785496,0.0,7.789242923259735
11,32,24,0.75,0.3768076111920761,0.0,10.478658628463744
11,40,32,0.8,0.37300105775801057,0.0,12.237791037559509
11,24,20,0.8333,0.518276096314761,0.0,2.7490362167358398
11,28,24,0.8571,0.37720126483601263,0.0,6.721346306800842
11,32,28,0.875,0.41765082888050825,0.0,8.513143491744994
11,32,32,1.0,0.44229794113897936,0.0,8.227938151359558
12,200,2,0.01,0.04780016294634658,1.734282541523456e-06,63.534312629699706
12,160,6,0.0375,0.05850065113806586,4.788857136972242e-09,51.62171516418457
12,192,12,0.0625,0.06886905756771083,5.415696256542385e-12,60.11112537384033
12,176,16,0.0909,0.07481987178486943,6.806308333675812e-14,55.5594144821167
12,200,24,0.12,0.06959118412346102,3.244723649277489e-12,62.218209171295165
12,192,28,0.1458,0.0852296576686498,1.3723100180498705e-17,60.440023231506345
12,160,28,0.175,0.10756353708798376,3.9949065939324506e-27,51.0994029045105
12,160,32,0.2,0.11459628797042681,1.3803604594840122e-30,51.14663581848144
12,96,20,0.2083,0.1550412314051111,7.680158486297879e-55,32.931825399398804
12,128,32,0.25,0.12464030706144397,6.476677825357178e-36,42.20380687713623
12,112,32,0.2857,0.16412140545807388,2.53807726425384e-61,36.992912483215335
12,64,20,0.3125,0.18272288178322882,8.229505674359738e-76,22.40128622055054
12,56,20,0.3571,0.24054135774541358,1.3269165413461574e-131,18.19353370666504
12,80,32,0.4,0.21634265172342654,3.1441168014873304e-106,27.70259532928467
12,56,24,0.4286,0.22042644130426442,2.6487310409121947e-110,20.080129194259644
12,64,28,0.4375,0.25917882261578823,3.326363731793312e-153,20.60904803276062
12,64,32,0.5,0.2868143639521436,1.1847004287648815e-188,21.704210329055787
12,56,32,0.5714,0.25918105967981064,3.305728347369238e-153,18.597427892684937
12,48,28,0.5833,0.3359484473634845,2.4257607728763175e-262,15.903804898262024
12,40,24,0.6,0.38357587944775884,0.0,10.665419387817384
12,32,20,0.625,0.4010537103385371,0.0,9.563714957237243
12,48,32,0.6667,0.3115119072911191,6.248615464793163e-224,15.262013673782349
12,40,28,0.7,0.41841912412419124,0.0,10.886454272270203
12,28,20,0.7143,0.46122398399223985,0.0,4.883243882656098
12,32,24,0.75,0.3792518586845186,0.0,8.876437664031982
12,40,32,0.8,0.37180927467409275,0.0,10.327200102806092
12,24,20,0.8333,0.5224978559449787,0.0,3.1561477720737456
12,28,24,0.8571,0.44369907076499066,0.0,6.736132037639618
12,32,28,0.875,0.47485562496855627,0.0,7.574795436859131
12,32,32,1.0,0.42542589243025897,0.0,7.1078643798828125
13,200,2,0.01,0.015232067752767663,0.12773250909494552,62.69526796340942
13,160,6,0.0375,0.09114984145709225,6.671270015566494e-20,51.03087844848633
13,192,12,0.0625,0.07902776857206147,2.4891119096722113e-15,60.61566801071167
13,176,16,0.0909,0.08255287546772223,1.3580175061328952e-16,54.58284406661987
13,200,24,0.12,0.07169659531421646,7.073769623491651e-13,63.12904777526855
13,192,28,0.1458,0.09815576030489816,7.714444672763495e-23,60.492943572998044
13,160,28,0.175,0.11083058014591797,1.0494976162368098e-28,50.99234647750855
13,160,32,0.2,0.15104044405984587,4.158963943214373e-52,50.89175367355347
13,96,20,0.2083,0.16898110960433846,5.986834047406002e-65,31.996277570724487
13,128,32,0.25,0.13722809331736674,3.0791214246511827e-43,41.56481437683105
13,112,32,0.2857,0.19358386587203805,4.91272183060641e-85,36.5264214515686
13,64,20,0.3125,0.25948612127086124,1.414086388327259e-153,21.05032362937927
13,56,20,0.3571,0.2649991196139912,2.5129840352380593e-160,20.165710067749025
13,80,32,0.4,0.21130602514906027,2.558448799562336e-101,26.83450140953064
13,56,24,0.4286,0.2667565919795659,1.6370138245002347e-162,16.234348201751708
13,64,28,0.4375,0.23574404510944047,2.4570721046986277e-126,21.937759828567504
13,64,32,0.5,0.2687008492858146,5.972982579496233e-165,21.053408813476562
13,56,32,0.5714,0.27561148440811484,8.817461850577287e-174,18.57676491737366
13,48,28,0.5833,0.3081057175290572,7.397852162480895e-219,15.686156582832336
13,40,24,0.6,0.3177045300810453,2.502687668972807e-233,12.919073486328125
13,32,20,0.625,0.3945836558018366,0.0,6.448500835895539
13,48,32,0.6667,0.30680139468801393,6.222700546414684e-217,15.318301177024841
13,40,28,0.7,0.350986898753869,8.63921992604393e-288,11.829093503952027
13,28,20,0.7143,0.42173809590538097,0.0,6.573110032081604
13,32,24,0.75,0.3847812839718128,0.0,8.324520003795623
13,40,32,0.8,0.35169891214898913,4.970623577354457e-289,11.33344750404358
13,24,20,0.8333,0.3777096044850961,0.0,4.554563963413239
13,28,24,0.8571,0.4009355319493554,0.0,9.251773750782013
13,32,28,0.875,0.4023791521597915,0.0,9.522573113441467
13,32,32,1.0,0.42752955236729556,0.0,9.66080138683319
14,200,2,0.01,0.045450415953950926,5.4461760294134205e-06,63.33882217407226
14,160,6,0.0375,0.050491020568865556,4.3791130338539157e-07,51.20631160736084
14,192,12,0.0625,0.0903063787014806,1.4561029544284679e-19,59.02935819625854
14,176,16,0.0909,0.09757190471999584,1.3814728266689797e-22,54.26696939468384
14,200,24,0.12,0.0787774549621447,3.045622528288198e-15,61.98419637680054
14,192,28,0.1458,0.09318990922208722,9.803038505288602e-21,60.74427785873413
14,160,28,0.175,0.09542713751265179,1.1400441221761794e-21,50.38898067474365
14,160,32,0.2,0.1302265373142795,4.471827646101444e-39,51.2102237701416
14,96,20,0.2083,0.16302972977029115,1.5998162959981955e-60,31.951638174057006
14,128,32,0.25,0.1238809500154165,1.6986694140481886e-35,41.40629863739014
14,112,32,0.2857,0.19504593637151538,2.5472512475267445e-86,35.90762557983398
14,64,20,0.3125,0.21277860590778608,9.667906107197782e-103,23.017662000656127
14,56,20,0.3571,0.27156293409962934,1.4135442724830347e-168,18.190571880340578
14,80,32,0.4,0.22050997650106893,2.181830932598942e-110,26.79740228652954
14,56,24,0.4286,0.2862077497860775,7.882701126215209e-188,17.531090927124023
14,64,28,0.4375,0.28253873663338736,6.78064922564929e-183,22.08227014541626
14,64,32,0.5,0.25754616447146167,3.0709699114453784e-151,22.324054574966432
14,56,32,0.5714,0.28694833701748335,7.790309151414822e-189,16.260158753395082
14,48,28,0.5833,0.32567051748470516,9.467822885644868e-246,14.393637561798096
14,40,24,0.6,0.3525730563817306,1.4776527446582237e-290,12.118945384025574
14,32,20,0.625,0.3328207260402073,3.1755587281180892e-257,11.304707312583924
14,48,32,0.6667,0.3261271854812719,1.7890844966994571e-246,16.37851176261902
14,40,28,0.7,0.37928883918088846,0.0,10.718096828460693
14,28,20,0.7143,0.4920963553209636,0.0,7.035673785209656
14,32,24,0.75,0.44158232503182326,0.0,8.692096066474914
14,40,32,0.8,0.34203004677630044,1.8328120358537025e-272,10.619232058525085
14,24,20,0.8333,0.5351513858155138,0.0,4.398413759469986
14,28,24,0.8571,0.422570202745702,0.0,5.12278254032135
14,32,28,0.875,0.4291664120956641,0.0,7.268612909317016
14,32,32,1.0,0.4345280909772809,0.0,8.931149911880492
15,200,2,0.01,0.03497585082691698,0.00046837793836396625,62.90878276824951
15,160,6,0.0375,0.08398525478698962,4.0190908236906436e-17,50.81553735733032
15,192,12,0.0625,0.05989158010208696,2.0500615721923206e-09,60.440269470214844
15,176,16,0.0909,0.0888660766142044,5.4300893406831725e-19,55.82571477890015
15,200,24,0.12,0.07829458253134772,4.486957420341607e-15,62.592747116088866
15,192,28,0.1458,0.0758808498304104,3.005281838605416e-14,61.017936325073244
15,160,28,0.175,0.08835003040543682,8.657488210127816e-19,51.043620872497556
15,160,32,0.2,0.11511798184562194,7.488454018105048e-31,50.70343141555786
15,96,20,0.2083,0.18061727438108086,4.345352850000886e-74,32.242580795288085
15,128,32,0.25,0.16478119833071173,8.289869631357e-62,41.64477567672729
15,112,32,0.2857,0.13973674383495446,8.763716094383724e-45,37.24327487945557
15,64,20,0.3125,0.2652618322086183,1.1870098841475144e-160,21.995568895339964
15,56,20,0.3571,0.17321149264011493,3.3801125852829862e-68,18.959637928009034
15,80,32,0.4,0.15661447081814472,6.166649933568267e-56,27.467354488372802
15,56,24,0.4286,0.2345752088817521,4.52802159697583e-125,19.469678831100463
15,64,28,0.4375,0.21188302603883025,7.109272849533113e-102,22.754889726638794
15,64,32,0.5,0.30099187212991874,1.771214066298747e-208,20.67275490760803
15,56,32,0.5714,0.2887553538075535,2.6683381122798858e-191,17.843513679504394
15,48,28,0.5833,0.24097241160972413,4.402758682521771e-132,15.965801453590393
15,40,24,0.6,0.3643126665791267,0.0,13.868551087379455
15,32,20,0.625,0.333370098129701,4.0492273658922882e-258,8.684359502792358
15,48,32,0.6667,0.3036748740007488,2.3332690991465832e-212,15.205495238304138
15,40,28,0.7,0.377814401014144,0.0,12.117298340797424
15,28,20,0.7143,0.4347051910830519,0.0,7.532051217556
15,32,24,0.75,0.4453389069493891,0.0,8.067324721813202
15,40,32,0.8,0.36837052186770525,0.0,11.507904362678527
15,24,20,0.8333,0.4773378739413787,0.0,4.88884357213974
15,28,24,0.8571,0.4640942946209429,0.0,7.8718263626098635
15,32,28,0.875,0.39095292191752923,0.0,7.266952669620514
15,32,32,1.0,0.39090330972903314,0.0,11.754659724235534
16,200,2,0.01,0.04260048024167959,2.031048449519426e-05,63.00442771911621
16,160,6,0.0375,0.060105829874377736,1.7958682987382274e-09,51.03278894424439
16,192,12,0.0625,0.08705995521325066,2.7461303649960334e-18,59.83467836380005
16,176,16,0.0909,0.10207431579959193,1.412377201997908e-24,54.825053691864014
16,200,24,0.12,0.06851471943662583,6.95018192111212e-12,62.65516920089722
16,192,28,0.1458,0.08845047577137854,7.90772677576732e-19,60.271302318573
16,160,28,0.175,0.09595988218582077,6.778728862542271e-22,51.57406053543091
16,160,32,0.2,0.120682727882412,9.230419359630009e-34,51.525269508361816
16,96,20,0.2083,0.12603466070641328,1.0854924952253077e-36,32.93875260353089
16,128,32,0.25,0.15412231485452774,3.3098790321093156e-54,41.69906492233277
16,112,32,0.2857,0.14480919291031627,5.358405763406217e-48,37.34674444198608
16,64,20,0.3125,0.23685413632054136,1.5206879816420289e-127,22.69391975402832
16,56,20,0.3571,0.21375315550953156,1.0912034236784113e-103,19.29235053062439
16,80,32,0.4,0.24574468774092134,1.8835424957730783e-137,26.863608884811402
16,56,24,0.4286,0.15818560550185606,4.83825090800777e-57,18.861832094192504
16,64,28,0.4375,0.2197415545040748,1.2947675226204593e-109,20.473680305480958
16,64,32,0.5,0.2715808905758089,1.3409753644999604e-168,20.156979417800905
16,56,32,0.5714,0.29500825503408257,5.676362755900349e-200,17.978911638259888
16,48,28,0.5833,0.3241514615055146,2.367469748120104e-243,12.804814291000366
16,40,24,0.6,0.3411674053356741,5.161237535522948e-271,12.668545031547547
16,32,20,0.625,0.4413730551817306,0.0,10.044734859466553
16,48,32,0.6667,0.35651770095717694,1.6556996603738935e-297,15.06376485824585
16,40,28,0.7,0.39256464711764644,0.0,12.423267936706543
16,28,20,0.7143,0.4200372093723721,0.0,9.269602489471435
16,32,24,0.75,0.4241243688772437,0.0,10.097133541107178
16,40,32,0.8,0.2807912187479122,1.4300894589981124e-180,12.34090061187744
16,24,20,0.8333,0.37580636214206364,0.0,5.870154309272766
16,28,24,0.8571,0.363631592760316,2.6974103999946e-310,6.773600590229035
16,32,28,0.875,0.3976176487361765,0.0,9.808375144004822
16,32,32,1.0,0.46225788871457885,0.0,9.84488525390625
17,200,2,0.01,0.04131017231957935,3.5920644832982226e-05,62.3003267288208
17,160,6,0.0375,0.08905557395842083,4.572165794148306e-19,51.4482780456543
17,192,12,0.0625,0.06347983002961133,2.1033634268989462e-10,60.84934167861938
17,176,16,0.0909,0.07816538331694184,4.975126864457706e-15,55.81425542831421
17,200,24,0.12,0.05250045481322937,1.4963190636658472e-07,62.62413759231568
17,192,28,0.1458,0.0811064635691812,4.547351175962764e-16,59.92361249923706
17,160,28,0.175,0.10773667044304469,3.303269852906921e-27,50.94895429611206
17,160,32,0.2,0.15380228500048068,5.493473861364895e-54,50.49459009170532
17,96,20,0.2083,0.12472899050159802,5.784644857637322e-36,31.670434141159056
17,128,32,0.25,0.149095634309575,8.337076210776752e-51,41.69473285675049
17,112,32,0.2857,0.14149883712480205,6.913675108361948e-46,38.02274389266968
17,64,20,0.3125,0.26593443450734433,1.7330445227150874e-161,21.3764986038208
17,56,20,0.3571,0.2787336503553365,7.416814610352759e-178,17.738940620422362
17,80,32,0.4,0.19760267675602675,1.3600709053539813e-88,25.81886968612671
17,56,24,0.4286,0.2787011286750113,8.183537829289814e-178,18.93866910934448
17,64,28,0.4375,0.3045192321571923,1.3748455312094796e-213,20.4489595413208
17,64,32,0.5,0.29692002515320026,1.1444320964745562e-202,20.664663076400757
17,56,32,0.5714,0.2617591575855916,2.4376821433381413e-156,19.68501420021057
17,48,28,0.5833,0.31204654209646543,9.84776965830899e-225,14.272094178199769
17,40,24,0.6,0.4154794270467943,0.0,12.426437497138977
17,32,20,0.625,0.44165822367658225,0.0,6.7321457862854
17,48,32,0.6667,0.2786678613506786,9.049785859324111e-178,17.56283531188965
17,40,28,0.7,0.31063060155430605,1.3029106119010922e-222,11.614957284927367
17,28,20,0.7143,0.36368041927280415,2.1980669248945e-310,9.206561970710755
17,32,24,0.75,0.4277382719213827,0.0,7.7328897356987
17,40,32,0.8,0.40268899149088994,0.0,9.596296048164367
17,24,20,0.8333,0.5105204166892042,0.0,3.751451402902603
17,28,24,0.8571,0.4706298725062987,0.0,7.830341994762421
17,32,28,0.875,0.34806514401665145,9.805901437210119e-283,8.416858351230621
17,32,32,1.0,0.4725227285732273,0.0,6.2975036144256595
18,200,2,0.01,0.06016535384633904,1.7308790744367854e-09,63.73597755432129
18,160,6,0.0375,0.07486347491567519,6.582903246118865e-14,50.759595489501955
18,192,12,0.0625,0.07894111283086203,2.669392455270945e-15,59.56453485488892
18,176,16,0.0909,0.0634771815886076,2.1070001775536108e-10,55.72922830581665
18,200,24,0.12,0.09314755416737032,1.0205597272349512e-20,62.18559789657593
18,192,28,0.1458,0.0687141472953307,6.040684906153269e-12,60.19986076354981
18,160,28,0.175,0.09324835460882729,9.273215679120475e-21,50.93888149261475
18,160,32,0.2,0.09342015498865738,7.874299100480733e-21,50.671579360961914
18,96,20,0.2083,0.13767807060975573,1.6341325111596933e-43,31.850306034088135
18,128,32,0.25,0.13745767563673525,2.229276551937789e-43,42.32535858154297
18,112,32,0.2857,0.15405381057062395,3.6893675797530725e-54,37.13552942276001
18,64,20,0.3125,0.23965907120059068,1.2604242728918804e-130,20.164893198013306
18,56,20,0.3571,0.22493504425735045,6.7213346271197235e-115,19.97940526008606
18,80,32,0.4,0.17705457628254576,3.195505461375289e-71,26.740118980407715
18,56,24,0.4286,0.3094822506468225,6.713761707510874e-221,17.814621257781983
18,64,28,0.4375,0.20248968966889688,5.024361363444428e-93,22.54269061088562
18,64,32,0.5,0.22081094373610946,1.0841956357431137e-110,20.403471612930296
18,56,32,0.5714,0.29569809763698096,6.078861346664548e-201,18.78592782020569
18,48,28,0.5833,0.32354127653541276,2.1560151704922448e-242,14.816614007949829
18,40,24,0.6,0.34161187424011874,9.255887198539892e-272,10.772511529922486
18,32,20,0.625,0.35135876429758767,1.9463626939363647e-288,8.065975964069366
18,48,32,0.6667,0.2593910394139104,1.842783070462504e-153,15.658050560951233
18,40,28,0.7,0.32747450444274506,1.2894632320599027e-248,13.515835428237915
18,28,20,0.7143,0.4376601236606012,0.0,8.296644461154937
18,32,24,0.75,0.44499290446592904,0.0,7.9752575039863585
18,40,32,0.8,0.35298934292589346,2.7589904490835646e-291,12.276586198806763
18,24,20,0.8333,0.4914246881342469,0.0,5.397212874889374
18,28,24,0.8571,0.4220402613204026,0.0,5.748567122220993
18,32,28,0.875,0.4252459243124593,0.0,9.488180088996888
18,32,32,1.0,0.42015329998953294,0.0,11.163626217842102
19,200,2,0.01,0.05105492852703634,3.2526647244343653e-07,62.92020320892334
19,160,6,0.0375,0.03225019976964221,0.0012577226918388735,51.17254810333252
19,192,12,0.0625,0.08053717694025767,7.274886854820406e-16,60.59047508239746
19,176,16,0.0909,0.11563391328155383,4.078725237017916e-31,55.52635440826416
19,200,24,0.12,0.07520705223188483,5.057310699756522e-14,62.617813205718996
19,192,28,0.1458,0.08387447570774827,4.4191975821171784e-17,60.3893928527832
19,160,28,0.175,0.12251645509440053,9.462975642981473e-35,51.26403617858887
19,160,32,0.2,0.08085481747377701,5.599363341953057e-16,50.97536010742188
19,96,20,0.2083,0.13348678341825332,5.498445543262863e-41,32.92779965400696
19,128,32,0.25,0.1517689754178209,1.3388508834946576e-52,42.13814792633057
19,112,32,0.2857,0.13918468581516,1.9289425094575444e-44,37.234516334533694
19,64,20,0.3125,0.2002937927509379,5.095536834528932e-91,22.694072246551514
19,56,20,0.3571,0.23062395787423956,7.6235227141840415e-121,18.908882427215577
19,80,32,0.4,0.18337329051538326,2.3931357028398127e-76,27.517356157302856
19,56,24,0.4286,0.22338316491783167,2.6353157645097014e-113,19.551782751083373
19,64,28,0.4375,0.26331179420911793,3.0441451622545597e-158,21.109043073654174
19,64,32,0.5,0.25455912766435496,1.1125880784287506e-147,21.263790082931518
19,56,32,0.5714,0.27441444737614445,3.1160141462338426e-172,18.26394329071045
19,48,28,0.5833,0.33563926128839255,7.822498846136464e-262,16.660755467414855
19,40,24,0.6,0.25189069743490694,1.534360427572157e-144,12.175430178642273
19,32,20,0.625,0.4410256110782561,0.0,7.451905155181885
19,48,32,0.6667,0.3107591384035914,8.371512006376077e-223,16.422383069992065
19,40,28,0.7,0.37732820167728204,0.0,13.976961708068847
19,28,20,0.7143,0.43435229852352303,0.0,7.144125092029571
19,32,24,0.75,0.4310852109388521,0.0,7.524921286106109
19,40,32,0.8,0.34100890608208906,9.519264260311892e-271,11.864485049247742
19,24,20,0.8333,0.5054424365304244,0.0,6.241608679294586
19,28,24,0.8571,0.4004043392480434,0.0,5.903000736236573
19,32,28,0.875,0.3856462891244629,0.0,6.170055258274078
19,32,32,1.0,0.4597236797652368,0.0,10.599453997611999
20,200,2,0.01,0.033911985063723026,0.0006944775831836025,62.90243158340454
20,160,6,0.0375,0.08785335393511373,1.352906928794742e-18,51.72625150680542
20,192,12,0.0625,0.0686541907811401,6.301100279579168e-12,60.38622007369995
20,176,16,0.0909,0.06017572483679514,1.7197927274725832e-09,55.93026065826416
20,200,24,0.12,0.07816307704520663,4.984299534225695e-15,62.51681671142578
20,192,28,0.1458,0.07331394385028106,2.1302489703141118e-13,60.17506561279297
20,160,28,0.175,0.13019860461861507,4.6413304736902364e-39,50.9696849822998
20,160,32,0.2,0.07995992430971394,1.1676285071228013e-15,50.022512912750244
20,96,20,0.2083,0.17296622291357913,5.2429040190902886e-68,31.211986303329468
20,128,32,0.25,0.14960609096536231,3.8103309080686106e-51,41.11966342926026
20,112,32,0.2857,0.16615606724267665,7.931306688439355e-63,36.890088653564455
20,64,20,0.3125,0.18620275593802754,1.051545151368029e-78,19.50572714805603
20,56,20,0.3571,0.24738219759782198,2.543951967772469e-139,17.795634031295776
20,80,32,0.4,0.1748218308082183,1.8628587074545311e-69,28.093037843704224
20,56,24,0.4286,0.26699949618599494,8.139433995942507e-163,18.1512113571167
20,64,28,0.4375,0.2309915810579158,3.1067679430786094e-121,21.474524450302123
20,64,32,0.5,0.18388789049087892,8.976947225103963e-77,21.74929928779602
20,56,32,0.5714,0.2716198803641988,1.195957053372126e-168,18.949507856369017
20,48,28,0.5833,0.3354198378901984,1.7941583332091295e-261,15.876556038856506
20,40,24,0.6,0.24448703061287028,5.026883938376431e-136,13.797143840789795
20,32,20,0.625,0.38395490447954905,0.0,6.457040059566498
20,48,32,0.6667,0.3323226171952262,2.0474568056154362e-256,16.218907165527344
20,40,28,0.7,0.35705404438254046,1.8460042365287085e-298,10.09382255077362
20,28,20,0.7143,0.42982301563423014,0.0,6.643595814704895
20,32,24,0.75,0.4774014692740147,0.0,10.32818582057953
20,40,32,0.8,0.362177398185774,1.1795179559240215e-307,12.620454812049866
20,24,20,0.8333,0.4543577275875773,0.0,6.897041368484497
20,28,24,0.8571,0.4788522380165224,0.0,7.122569525241852
20,32,28,0.875,0.4263920884959209,0.0,10.588555002212525
20,32,32,1.0,0.45122847643228475,0.0,6.323091089725494
21,200,2,0.01,0.033552899955586225,0.000791313773378339,63.21018619537354
21,160,6,0.0375,0.09454524833505032,2.6785798609775753e-21,51.44952735900879
21,192,12,0.0625,0.08937657199406561,3.4138899858396415e-19,59.81515674591064
21,176,16,0.0909,0.09560660744264723,9.572021260640795e-22,55.57369766235352
21,200,24,0.12,0.0814798351640911,3.3354177061803926e-16,63.062522315979
21,192,28,0.1458,0.09821008377488288,7.306083701268453e-23,59.986138916015626
21,160,28,0.175,0.10160328590610102,2.303513684051523e-24,50.95111560821533
21,160,32,0.2,0.11545196214097024,5.054961150932665e-31,50.68810663223267
21,96,20,0.2083,0.16217343791720146,6.719317287981463e-60,31.81109824180603
21,128,32,0.25,0.10244273012969368,9.618443181161925e-25,41.49612979888916
21,112,32,0.2857,0.13438115882649326,1.613411776749072e-41,37.111325073242185
21,64,20,0.3125,0.2274072594540726,1.836494436471607e-117,22.007955408096315
21,56,20,0.3571,0.31211853374518533,7.676378103740764e-225,18.33010139465332
21,80,32,0.4,0.23738299260982992,4.0191356189799044e-128,26.162699699401855
21,56,24,0.4286,0.28510727911907274,2.42430646659775e-186,19.48459792137146
21,64,28,0.4375,0.20181250837412507,2.100165047193607e-92,21.731041955947877
21,64,32,0.5,0.20760002075711417,8.724795035202003e-98,19.254814910888673
21,56,32,0.5714,0.27329234644492345,8.666317969317266e-171,15.65107090473175
21,48,28,0.5833,0.3630292389182924,3.360998138050576e-309,13.863098502159119
21,40,24,0.6,0.36588094869480947,0.0,13.04445035457611
21,32,20,0.625,0.384713900347139,0.0,9.189087975025178
21,48,32,0.6667,0.36121099316410993,6.592449917256459e-306,15.448885107040406
21,40,28,0.7,0.3746217964702179,0.0,12.626657700538635
21,28,20,0.7143,0.3569182244931822,3.2186588126722045e-298,9.170424365997315
21,32,24,0.75,0.42206418244464183,0.0,9.757270455360413
21,40,32,0.8,0.40569843502898434,0.0,9.727865266799927
21,24,20,0.8333,0.41880987327609875,0.0,5.247691881656647
21,28,24,0.8571,0.33549923209899235,1.3287681586774159e-261,6.374597334861756
21,32,28,0.875,0.4000713456167134,0.0,8.020556139945985
21,32,32,1.0,0.44455800415758007,0.0,10.511007905006409
22,200,2,0.01,0.04274994057909355,1.8992740090921944e-05,63.27773637771607
22,160,6,0.0375,0.09450439844345544,2.7861573384934226e-21,51.098102474212645
22,192,12,0.0625,0.08568478458058913,9.227330842342762e-18,60.14169578552246
22,176,16,0.0909,0.08453638024411644,2.5019678947371892e-17,55.775468254089354
22,200,24,0.12,0.07552293431467658,3.964592467515465e-14,62.56667518615723
22,192,28,0.1458,0.0779373572240459,5.9674280147032696e-15,60.363603591918945
22,160,28,0.175,0.09012997020193911,1.7127497436016712e-19,50.45359916687012
22,160,32,0.2,0.1240681834363594,1.3399818043323416e-35,51.0597357749939
22,96,20,0.2083,0.16874475482633522,9.040377301560216e-65,32.1681622505188
22,128,32,0.25,0.1349676814581745,7.187199001410929e-42,41.66563034057617
22,112,32,0.2857,0.1718815558451101,3.624387320687881e-67,35.96359529495239
22,64,20,0.3125,0.16105810495458103,4.30501228363676e-59,21.64704875946045
22,56,20,0.3571,0.20914264501542645,3.009484176456247e-99,19.84493718147278
22,80,32,0.4,0.2264532639520056,1.8066053967757085e-116,26.67987928390503
22,56,24,0.4286,0.23801652522416525,8.127300539820188e-129,17.809250164031983
22,64,28,0.4375,0.285254199284542,1.53578654621415e-186,20.30115714073181
22,64,32,0.5,0.25017860270978604,1.5156526390101369e-142,20.395357942581178
22,56,32,0.5714,0.26126621489666213,9.741456069752031e-156,19.38171319961548
22,48,28,0.5833,0.23056712522567122,8.757145719803811e-121,16.065841102600096
22,40,24,0.6,0.31044785032447847,2.4428016078090306e-222,11.581619596481323
22,32,20,0.625,0.4358358401303584,0.0,9.187948632240296
22,48,32,0.6667,0.2822336611583366,1.7306878890510348e-182,16.804030418395996
22,40,28,0.7,0.39357448799974487,0.0,11.619629335403442
22,28,20,0.7143,0.4144812253848122,0.0,9.058416867256165
22,32,24,0.75,0.44033925032339255,0.0,5.2922812640666965
22,40,32,0.8,0.41176279411362793,0.0,12.438957786560058
22,24,20,0.8333,0.49092546351725463,0.0,3.739265149831772
22,28,24,0.8571,0.39198588421985886,0.0,8.669834005832673
22,32,28,0.875,0.4104405391204054,0.0,7.8314749002456665
22,32,32,1.0,0.4221258693092587,0.0,8.614250230789185
23,200,2,0.01,0.04746031886760335,2.053221586690537e-06,62.54932317733765
23,160,6,0.0375,0.057236853703542034,1.0182212238298351e-08,51.548766708374025
23,192,12,0.0625,0.05923381034684395,3.069348485710015e-09,60.67231712341309
23,176,16,0.0909,0.06013002578472071,1.769168996066759e-09,55.56889762878418
23,200,24,0.12,0.08135211529860042,3.709065011970322e-16,62.7630578994751
23,192,28,0.1458,0.10258592821967037,8.281159243297383e-25,59.56784009933472
23,160,28,0.175,0.08380813827353555,4.677337284594854e-17,50.85377779006958
23,160,32,0.2,0.0999187927953845,1.3003514123188584e-23,50.260102367401124
23,96,20,0.2083,0.17257076591038967,1.0625477935287213e-67,31.14578938484192
23,128,32,0.25,0.17145001052342854,7.793885043988086e-67,40.88782548904419
23,112,32,0.2857,0.12646943417300666,6.193665854249498e-37,36.839016914367676
23,64,20,0.3125,0.28022857402228574,7.944370503710593e-180,21.134861707687378
23,56,20,0.3571,0.26154996467949965,4.3899525137467966e-156,16.59012770652771
23,80,32,0.4,0.1947887595398876,4.294360713831761e-86,27.427752876281737
23,56,24,0.4286,0.2622300103143001,6.472613371235508e-157,18.384366941452026
23,64,28,0.4375,0.29332743397727434,1.2789140266082164e-197,21.53633403778076
23,64,32,0.5,0.28091492448114924,9.803850505035842e-181,21.73066668510437
23,56,32,0.5714,0.2760563133365631,2.3334777733988493e-174,19.48124418258667
23,48,28,0.5833,0.26934737399347375,9.141279982109499e-166,13.823172998428344
23,40,24,0.6,0.36456379938963795,0.0,11.214163374900817
23,32,20,0.625,0.3942756496267565,0.0,6.985685622692108
23,48,32,0.6667,0.3507190715431907,2.5240511425448496e-287,14.351254200935363
23,40,28,0.7,0.4213058106370581,0.0,10.927653241157532
23,28,20,0.7143,0.47893970235739697,0.0,4.141229116916657
23,32,24,0.75,0.46659240332192403,0.0,7.972425222396851
23,40,32,0.8,0.31277293500772935,7.950617501120166e-226,11.946971869468689
23,24,20,0.8333,0.4176996436809964,0.0,6.4452930092811584
23,28,24,0.8571,0.40620934921809354,0.0,8.611992979049683
23,32,28,0.875,0.4617847250258472,0.0,7.613972759246826
23,32,32,1.0,0.4272556511885565,0.0,6.774540877342224
24,200,2,0.01,0.03190931032073756,0.0014161219370407284,62.74906187057495
24,160,6,0.0375,0.09193612391706713,3.201727732591302e-20,51.395646476745604
24,192,12,0.0625,0.06790181169222803,1.066883721385045e-11,59.48553304672241
24,176,16,0.0909,0.06750559269755452,1.40466556589097e-11,55.40804777145386
24,200,24,0.12,0.08097884948514189,5.053897144014089e-16,62.57158613204956
24,192,28,0.1458,0.08087131446576916,5.523598851232973e-16,60.88070297241211
24,160,28,0.175,0.10516035628751338,5.416507827034944e-26,51.20403928756714
24,160,32,0.2,0.1086898867579745,1.1534163384392046e-27,51.20153493881226
24,96,20,0.2083,0.18931151078102268,2.4413475073213553e-81,31.773985195159913
24,128,32,0.25,0.11864528172996243,1.113098995330876e-32,41.34173164367676
24,112,32,0.2857,0.14522892588397007,2.8695478060521335e-48,36.1118203163147
24,64,20,0.3125,0.18641934280019343,6.915307364862947e-79,21.30791311264038
24,56,20,0.3571,0.26021038136210384,1.8746861472128456e-154,18.218005228042603
24,80,32,0.4,0.21492736755727365,7.764170107095596e-105,26.594720220565797
24,56,24,0.4286,0.3217318697053187,1.4636080879077234e-239,19.03833317756653
24,64,28,0.4375,0.2456993388809934,2.121041440824085e-137,22.392757844924926
24,64,32,0.5,0.23344354893043548,7.489984430401244e-124,21.96341390609741
24,56,32,0.5714,0.31773813122138134,2.2222906946731406e-233,19.123474740982054
24,48,28,0.5833,0.2585260041412601,2.0393718192503078e-152,15.363641738891602
24,40,24,0.6,0.3909114402691144,0.0,8.959216761589051
24,32,20,0.625,0.44418092707380924,0.0,6.876156544685363
24,48,32,0.6667,0.29745383740653836,2.0055989089121007e-203,16.29637916088104
24,40,28,0.7,0.2620891081008911,9.628100237626496e-157,10.84480791091919
24,28,20,0.7143,0.4299682268436823,0.0,7.768878400325775
24,32,24,0.75,0.3812505615925056,0.0,7.800248694419861
24,40,32,0.8,0.3804995224809952,0.0,11.959119367599488
24,24,20,0.8333,0.43245796681657966,0.0,6.211579883098603
24,28,24,0.8571,0.46708540179885405,0.0,7.677456653118133
24,32,28,0.875,0.39404672855246725,0.0,7.316211819648743
24,32,32,1.0,0.4528796243567962,0.0,9.747720193862914
25,200,2,0.01,0.0416317936239799,3.1208440823412146e-05,63.746564865112305
25,160,6,0.0375,0.09550384213232922,1.0580155907155783e-21,50.99456205368042
25,192,12,0.0625,0.08765944255441957,1.609409331255318e-18,60.65452661514282
25,176,16,0.0909,0.10339023792521268,3.5582118752193047e-25,56.092851066589354
25,200,24,0.12,0.07614205415437349,2.4531814692593772e-14,62.35799875259399
25,192,28,0.1458,0.0751501503222064,5.283451943680507e-14,59.93960685729981
25,160,28,0.175,0.09379567630461207,5.502074290622963e-21,51.18529205322265
25,160,32,0.2,0.09784130746076372,1.0562656013678047e-22,50.62729024887085
25,96,20,0.2083,0.11674612426872172,1.0905124706332445e-31,32.71306557655335
25,128,32,0.25,0.14516017541343182,3.179025891922739e-48,41.511577129364014
25,112,32,0.2857,0.1640435825343485,2.895269560713531e-61,36.927972412109376
25,64,20,0.3125,0.18557220828772208,3.5517863490085464e-78,21.96385669708252
25,56,20,0.3571,0.2503350483433505,9.976351304612734e-143,19.67183675765991
25,80,32,0.4,0.18389908329899082,8.787237357069845e-77,25.92854142189026
25,56,24,0.4286,0.27637854469578543,8.894185402684035e-175,19.253239774703978
25,64,28,0.4375,0.27945697339056974,8.288700891208392e-179,22.154653787612915
25,64,32,0.5,0.2752562527845625,2.544597613489068e-173,21.884942626953126
25,56,32,0.5714,0.28657046774170464,2.5396762289822804e-188,19.32446131706238
25,48,28,0.5833,0.32715698578356983,4.132800503261131e-248,16.092453265190123
25,40,24,0.6,0.35460726167407264,3.95964442909176e-294,13.32690658569336
25,32,20,0.625,0.3608031678200317,3.586002182326556e-305,12.056565618515014
25,48,32,0.6667,0.2602964630029646,1.4738126544966976e-154,15.446896409988403
25,40,28,0.7,0.3311726712117267,1.4929148342621793e-254,13.071727919578553
25,28,20,0.7143,0.44883643256436434,0.0,6.677126944065094
25,32,24,0.75,0.33471138719911386,2.60519296584921e-260,9.673945212364197
25,40,32,0.8,0.3100391469523915,9.946266053231652e-222,11.396614170074463
25,24,20,0.8333,0.38784148249441486,0.0,10.538807940483093
25,28,24,0.8571,0.4578029195220292,0.0,4.726915419101715
25,32,28,0.875,0.408905800125058,0.0,7.900895738601685
25,32,32,1.0,0.34092972141729716,1.29229247712168e-270,8.143808281421661
26,200,2,0.01,0.0394557482208948,7.926277090705652e-05,63.13713235855103
26,160,6,0.0375,0.06747271889852369,1.4369894742517481e-11,51.81237621307373
26,192,12,0.0625,0.06722581583309072,1.704175972123014e-11,60.51837167739868
26,176,16,0.0909,0.09606985174058998,6.086782480503043e-22,55.13874568939209
26,200,24,0.12,0.08892543426037662,5.145526494195649e-19,62.54985523223877
26,192,28,0.1458,0.09745361979715371,1.553896795651394e-22,59.90941324234009
26,160,28,0.175,0.1217630638594283,2.422569959089094e-34,50.4323694229126
26,160,32,0.2,0.11413445418732159,2.3664574732170132e-30,50.88078441619873
26,96,20,0.2083,0.15237926409407693,5.157978826360023e-53,32.75567474365234
26,128,32,0.25,0.10891991489484268,8.935247448911975e-28,42.096801948547366
26,112,32,0.2857,0.17034229446612836,5.51128523460483e-66,36.733500957489014
26,64,20,0.3125,0.24824783440647832,2.5798740305111003e-140,22.306056690216064
26,56,20,0.3571,0.28357282788372823,2.805692597153859e-184,19.710810565948485
26,80,32,0.4,0.1847989720199897,1.5706548086259715e-77,27.752340221405028
26,56,24,0.4286,0.2773021897450219,5.561946705595846e-176,19.625952339172365
26,64,28,0.4375,0.28262079021020786,5.26902422735859e-183,21.84190535545349
26,64,32,0.5,0.23430125382301256,8.943446615331315e-125,22.324169826507568
26,56,32,0.5714,0.2718838875788389,5.507253003305309e-169,17.433843660354615
26,48,28,0.5833,0.24620205509002055,5.678427503495182e-138,16.831004858016968
26,40,24,0.6,0.34390156121501564,1.2652980023974632e-275,12.503877019882202
26,32,20,0.625,0.4168499196044992,0.0,6.408442509174347
26,48,32,0.6667,0.3212501469685015,8.242213260363016e-239,17.12734513282776
26,40,28,0.7,0.309227297624273,1.6070486199656882e-220,12.298406314849853
26,28,20,0.7143,0.487719397397194,0.0,7.029429352283477
26,32,24,0.75,0.3384117125641171,2.0544573610550463e-266,7.901834046840667
26,40,32,0.8,0.3304984766689848,1.82995143377197e-253,12.252458214759827
26,24,20,0.8333,0.4184801306248013,0.0,4.852883797883988
26,28,24,0.8571,0.4736821247848212,0.0,6.3335214138031
26,32,28,0.875,0.41997208501172084,0.0,8.19511890411377
26,32,32,1.0,0.4735108876151089,0.0,7.040056979656219
27,200,2,0.01,0.03040290101407895,0.0023609717621415746,63.36350450515747
27,160,6,0.0375,0.1017932243104099,1.891667636911983e-24,51.27417364120483
27,192,12,0.0625,0.057520980926043394,8.605649117327985e-09,60.23562183380127
27,176,16,0.0909,0.0946592232083043,2.399673803800447e-21,55.508639335632324
27,200,24,0.12,0.09132912748801952,5.646128166311607e-20,62.13853130340576
27,192,28,0.1458,0.07054355253553665,1.6380144199557912e-12,59.996289539337155
27,160,28,0.175,0.10907775296850193,7.497006399667151e-28,51.31019172668457
27,160,32,0.2,0.10610150908076897,1.965072379956025e-26,50.40537300109863
27,96,20,0.2083,0.10831664872333252,1.7433875711827925e-27,31.96975450515747
27,128,32,0.25,0.12978182003733243,8.078057708102346e-39,41.76478595733643
27,112,32,0.2857,0.1696106305535847,1.9915021226498173e-65,36.68293285369873
27,64,20,0.3125,0.2109322632453226,5.852638673487466e-101,21.654608058929444
27,56,20,0.3571,0.27370618370506183,2.5467773082121655e-171,19.631774950027467
27,80,32,0.4,0.2076309736509326,8.15699806896049e-98,26.836932325363158
27,56,24,0.4286,0.26121064058010635,1.1386024802270214e-155,19.7881422996521
27,64,28,0.4375,0.24044907178121203,1.6799453582200662e-131,21.162046194076538
27,64,32,0.5,0.2552843737888437,1.5365311226216006e-148,22.44573583602905
27,56,32,0.5714,0.3456985302729853,1.1132678180293367e-278,16.481704926490785
27,48,28,0.5833,0.2716816399728164,9.976217510795962e-169,14.091577982902527
27,40,24,0.6,0.31799120482791204,9.076267914146699e-234,11.743098473548889
27,32,20,0.625,0.3704953449689535,0.0,9.89674973487854
27,48,32,0.6667,0.33624022025040223,8.02510609148566e-263,16.637081813812255
27,40,28,0.7,0.2579907901799079,8.983834657981894e-152,12.588264536857604
27,28,20,0.7143,0.41771826304918264,0.0,8.631392323970795
27,32,24,0.75,0.4819532845275328,0.0,5.608506101369858
27,40,32,0.8,0.39745491663854915,0.0,10.511220788955688
27,24,20,0.8333,0.4778398299383983,0.0,5.996986997127533
27,28,24,0.8571,0.44840512584805126,0.0,4.238999038934708
27,32,28,0.875,0.3772733780087338,0.0,8.612707602977753
27,32,32,1.0,0.3618308316783083,5.000621877191523e-307,6.678638684749603
28,200,2,0.01,0.02596656557331711,0.009410497586494796,62.67529582977295
28,160,6,0.0375,0.08194888103429707,2.255205518713133e-16,51.27587785720825
28,192,12,0.0625,0.09052296817503991,1.1924622023476688e-19,60.728109169006345
28,176,16,0.0909,0.0739448927695536,1.3243968658100227e-13,55.77949523925781
28,200,24,0.12,0.07924156439802041,2.094020103431634e-15,62.90343923568726
28,192,28,0.1458,0.09624732562496736,5.114590215416931e-22,60.27224922180176
28,160,28,0.175,0.10109258552065122,3.904900358628981e-24,50.71413469314575
28,160,32,0.2,0.09916619146487482,2.791430143774822e-23,50.7310471534729
28,96,20,0.2083,0.149291184679992,6.178546401571568e-51,33.03605394363403
28,128,32,0.25,0.13626081879679047,1.193259379258196e-42,41.19845142364502
28,112,32,0.2857,0.12057124763567621,1.0589362494125808e-33,37.83901319503784
28,64,20,0.3125,0.23216054562560548,1.7705132618821394e-122,21.731381988525392
28,56,20,0.3571,0.276616700034167,4.3565375145478714e-175,19.65605435371399
28,80,32,0.4,0.16829588348695884,1.9741833653759674e-64,27.86069874763489
28,56,24,0.4286,0.24413424119334243,1.2587053477230873e-135,17.663994550704956
28,64,28,0.4375,0.2310009190260092,3.036668450952681e-121,21.552620935440064
28,64,32,0.5,0.2511498068914981,1.1245777998225457e-143,22.16122374534607
28,56,32,0.5714,0.2983460472674605,1.0826216211730588e-204,18.23113899230957
28,48,28,0.5833,0.3215625093476251,2.68830886059468e-239,15.9947350025177
28,40,24,0.6,0.2587577509395775,1.0719840819125372e-152,13.221018505096435
28,32,20,0.625,0.38179093377790935,0.0,10.861427545547485
28,48,32,0.6667,0.3120326496483265,1.0332621340821101e-224,15.498912835121155
28,40,28,0.7,0.391095497614955,0.0,11.603253769874573
28,28,20,0.7143,0.44029856120298555,0.0,6.982781863212585
28,32,24,0.75,0.4481307638693076,0.0,8.023862636089325
28,40,32,0.8,0.33366419706064193,1.3420995310756126e-258,11.237182378768921
28,24,20,0.8333,0.4552127769041278,0.0,2.37561272084713
28,28,24,0.8571,0.452913598277136,0.0,7.346921718120575
28,32,28,0.875,0.41220664548606645,0.0,9.673648238182068
28,32,32,1.0,0.3301599739455997,6.424965472590971e-253,11.285445189476013
29,200,2,0.01,0.035592596989056376,0.000370935785538571,62.85511713027954
29,160,6,0.0375,0.10710338337933883,6.611371895460155e-27,50.66226062774658
29,192,12,0.0625,0.09268342306097822,1.5843196644069354e-20,60.12797155380249
29,176,16,0.0909,0.07476956593971189,7.073324074585809e-14,55.51001605987549
29,200,24,0.12,0.07810362187872369,5.22660022021245e-15,62.65142345428467
29,192,28,0.1458,0.08937878104133146,3.4070212330499504e-19,60.444261360168454
29,160,28,0.175,0.11512859614130905,7.395637787610068e-31,50.91141233444214
29,160,32,0.2,0.12554010609500127,2.0500811536187015e-36,50.529969215393066
29,96,20,0.2083,0.1482611308427059,2.9808542078615064e-50,31.77155876159668
29,128,32,0.25,0.15676129755653012,4.866734763960883e-56,40.51036996841431
29,112,32,0.2857,0.1527693344021712,2.797706429533299e-53,37.3068769454956
29,64,20,0.3125,0.24697424637374246,7.456849041270719e-139,22.074197864532472
29,56,20,0.3571,0.27238421459984213,1.263731101446113e-169,19.41295576095581
29,80,32,0.4,0.22244877083915504,2.3678538720391065e-112,26.450132513046263
29,56,24,0.4286,0.2708169410481694,1.2579390886622176e-167,19.84593071937561
29,64,28,0.4375,0.26691891517718913,1.0263573449392511e-162,20.771647262573243
29,64,32,0.5,0.230692700582927,6.446287360853647e-121,21.176672744750977
29,56,32,0.5714,0.30285928795659284,3.5635260099576785e-211,19.52542781829834
29,48,28,0.5833,0.2541630667416307,3.271143219975125e-147,15.437757015228271
29,40,24,0.6,0.38243888798038883,0.0,10.771947932243346
29,32,20,0.625,0.41247142742071424,0.0,7.84797648191452
29,48,32,0.6667,0.30220082787400826,3.198323586153986e-210,14.902454710006714
29,40,28,0.7,0.41394300050342997,0.0,12.77112545967102
29,28,20,0.7143,0.4445409321774093,0.0,7.972453212738037
29,32,24,0.75,0.39785360218253607,0.0,8.166491115093232
29,40,32,0.8,0.3715843636158436,0.0,10.438240909576416
29,24,20,0.8333,0.5124742325767423,0.0,4.583640533685684
29,28,24,0.8571,0.4230737783347378,0.0,9.012086200714112
29,32,28,0.875,0.4544468903364689,0.0,9.82377643585205
29,32,32,1.0,0.3952940817049408,0.0,8.92789340019226
30,200,2,0.01,0.04815425688952515,1.4528184427523618e-06,63.69260234832764
30,160,6,0.0375,0.09192385208544462,3.238779155569098e-20,51.57441425323486
30,192,12,0.0625,0.09025275080726249,1.5298153288274083e-19,60.16146841049194
30,176,16,0.0909,0.10177707255364137,1.923648068548319e-24,56.004245853424074
30,200,24,0.12,0.06965452915331316,3.1013762191653455e-12,62.802721118927
30,192,28,0.1458,0.09728613623586387,1.8350246819508901e-22,60.298894023895265
30,160,28,0.175,0.09149104414309626,4.85502056535295e-20,50.495230770111085
30,160,32,0.2,0.10759454413593744,3.861268853241024e-27,51.0726619720459
30,96,20,0.2083,0.18994249613936803,7.035197396334053e-82,31.45014419555664
30,128,32,0.25,0.17539961850462127,6.539451927422332e-70,40.53133583068848
30,112,32,0.2857,0.13404540853976626,2.559012341499876e-41,36.055894184112546
30,64,20,0.3125,0.14734172684141725,1.202920905965877e-49,20.402355003356934
30,56,20,0.3571,0.26230740300707406,5.203645627678826e-157,20.45194993019104
30,80,32,0.4,0.22923861664838618,2.2134150162073564e-119,27.417401361465455
30,56,24,0.4286,0.3028163899361639,4.111927745880266e-211,18.390428829193116
30,64,28,0.4375,0.23905946681059467,5.789660560687067e-130,21.763870859146117
30,64,32,0.5,0.1786856096988561,1.58393182841466e-72,20.432513189315795
30,56,32,0.5714,0.29045308333253084,1.2399016138083194e-193,16.38212616443634
30,48,28,0.5833,0.2855861958958619,5.468734178165755e-187,16.29104084968567
30,40,24,0.6,0.3081570090695701,6.211692681419284e-219,13.325198292732239
30,32,20,0.625,0.38598182980381834,0.0,7.792978131771088
30,48,32,0.6667,0.34249996800499966,2.9613343205676968e-273,16.00342438220978
30,40,28,0.7,0.38819245369792454,0.0,11.39024486541748
30,28,20,0.7143,0.4744723332887233,0.0,4.617223000526428
30,32,24,0.75,0.40205444728854445,0.0,7.312500131130219
30,40,32,0.8,0.3474435035704351,1.1483024628300078e-281,10.971636271476745
30,24,20,0.8333,0.5140678923526789,0.0,3.7006434500217438
30,28,24,0.8571,0.46521060429210603,0.0,5.9985899209976195
30,32,28,0.875,0.41883995695239956,0.0,10.793262887001038
30,32,32,1.0,0.4043304134033041,0.0,7.630365312099457
31,200,2,0.01,0.025502299758859315,0.01076222549407121,62.67517900466919
31,160,6,0.0375,0.07985638218458099,1.270596462978478e-15,50.6968861579895
31,192,12,0.0625,0.058378730440604695,5.153884027385608e-09,60.42014875411987
31,176,16,0.0909,0.08186453704423462,2.4200260057391087e-16,55.741167068481445
31,200,24,0.12,0.09083029785216779,8.974287633535077e-20,62.59117994308472
31,192,28,0.1458,0.08200907532991168,2.144393199791371e-16,60.43580646514893
31,160,28,0.175,0.07553274807195684,3.934658849494549e-14,50.84683218002319
31,160,32,0.2,0.12247676890402254,9.944818245419719e-35,50.90336971282959
31,96,20,0.2083,0.16892744101520815,6.574505325724709e-65,32.014380598068236
31,128,32,0.25,0.10176936480032805,1.9390975823982103e-24,40.44371328353882
31,112,32,0.2857,0.16508313305562053,4.960002905079895e-62,37.04276571273804
31,64,20,0.3125,0.18042177692821773,6.264566010835973e-74,23.129832649230956
31,56,20,0.3571,0.27777328048173283,1.3471206894887799e-176,14.785643076896667
31,80,32,0.4,0.1717146040156612,4.875069326537383e-67,26.651081800460815
31,56,24,0.4286,0.29169747765697474,2.3615332740647987e-195,18.75876650810242
31,64,28,0.4375,0.2357404502334045,2.4792526621510244e-126,21.763356351852416
31,64,32,0.5,0.29168328858083287,2.470912891900225e-195,20.85321044921875
31,56,32,0.5714,0.2963837465878375,6.55845106009418e-202,17.932218837738038
31,48,28,0.5833,0.3216789064447891,1.7701889649656139e-239,13.901745223999024
31,40,24,0.6,0.3834127257061272,0.0,10.792985725402833
31,32,20,0.625,0.34237307225173075,4.846092778119021e-273,9.300089979171753
31,48,32,0.6667,0.3277749212657492,4.278176686637823e-249,15.178622078895568
31,40,28,0.7,0.3869279451412794,0.0,11.032655024528504
31,28,20,0.7143,0.4892052446120525,0.0,5.559142112731934
31,32,24,0.75,0.3850534860585349,0.0,8.088744020462036
31,40,32,0.8,0.32724142274041423,3.0324116175105942e-248,11.998583030700683
31,24,20,0.8333,0.4746510342545103,0.0,3.2483315080404283
31,28,24,0.8571,0.4452996545529966,0.0,6.241026842594147
31,32,28,0.875,0.3277612113256121,4.499220292679934e-249,9.987600135803223
31,32,32,1.0,0.4566517597625176,0.0,7.9593880534172055
32,200,2,0.01,0.028673396756231907,0.004136362612143263,63.16955308914184
32,160,6,0.0375,0.07820529586523556,4.8189904514359065e-15,51.434050750732425
32,192,12,0.0625,0.06867511531582308,6.208990590635335e-12,60.7250994682312
32,176,16,0.0909,0.05933315896261766,2.8886243056492557e-09,56.29514141082764
32,200,24,0.12,0.07586520549295118,3.041975387856722e-14,61.567878532409665
32,192,28,0.1458,0.07499342500786056,5.958976416234687e-14,60.19461965560913
32,160,28,0.175,0.13300828514559168,1.0559219755579063e-40,51.309138488769534
32,160,32,0.2,0.10522195756340152,5.0701215779208744e-26,50.58294258117676
32,96,20,0.2083,0.18459926304823,2.3033846025042953e-77,31.742465829849245
32,128,32,0.25,0.14077971309850543,1.9568779041126203e-45,41.94641265869141
32,112,32,0.2857,0.15417138473283595,3.062191151711307e-54,37.072559452056886
32,64,20,0.3125,0.1886936090669361,8.220842325954152e-81,23.15375862121582
32,56,20,0.3571,0.2421612817176128,2.0763869825120047e-133,16.63935260772705
32,80,32,0.4,0.20692656294526562,3.76222752803434e-97,26.89505491256714
32,56,24,0.4286,0.2920486083764861,7.6954281744287905e-196,17.85105504989624
32,64,28,0.4375,0.29335207882152076,1.1815696946712224e-197,21.125561428070068
32,64,32,0.5,0.25037455823649674,8.975978796554163e-143,20.877300453186034
32,56,32,0.5714,0.23218307640583077,1.675134347508264e-122,18.80232925415039
32,48,28,0.5833,0.33613589455335896,1.1920119307151032e-262,13.906665253639222
32,40,24,0.6,0.31983580523435806,1.2938730542729813e-236,11.27159903049469
32,32,20,0.625,0.3356311626803116,8.065974854370937e-262,9.04863245487213
32,48,32,0.6667,0.2775351695553517,2.7594500288844186e-176,16.937647676467897
32,40,28,0.7,0.39337215388572155,0.0,12.194339323043824
32,28,20,0.7143,0.4428714744487148,0.0,7.499457204341889
32,32,24,0.75,0.40920135727201357,0.0,13.15300498008728
32,40,32,0.8,0.4039742709437427,0.0,8.2536865234375
32,24,20,0.8333,0.5072533444405335,0.0,2.8816219598054884
32,28,24,0.8571,0.34819183428191836,5.934919250634209e-283,5.7176129698753355
32,32,28,0.875,0.3922021041100211,0.0,9.881462264060975
32,32,32,1.0,0.44656579357365794,0.0,6.213748240470887
33,200,2,0.01,0.018034969789896667,0.07132256315743506,63.18839683532715
33,160,6,0.0375,0.10128398249931789,3.2050905334243873e-24,51.09267158508301
33,192,12,0.0625,0.07503216608032036,5.784487800741533e-14,60.121436500549315
33,176,16,0.0909,0.06984887347116,2.699239469243591e-12,55.24213514328003
33,200,24,0.12,0.08375270144781213,4.904421774662515e-17,62.9166166305542
33,192,28,0.1458,0.09462324685431213,2.4844572255063832e-21,60.46784830093384
33,160,28,0.175,0.08735994345008663,2.1027922709656064e-18,51.481611824035646
33,160,32,0.2,0.15696753809589986,3.488618460936758e-56,50.201839447021484
33,96,20,0.2083,0.1363064705821865,1.1196055309186095e-42,31.95327696800232
33,128,32,0.25,0.1167945025327837,1.0294023438932837e-31,41.72728033065796
33,112,32,0.2857,0.1507894365987945,6.137845024340701e-52,36.88979797363281
33,64,20,0.3125,0.1803051611310516,7.79056324946028e-74,22.549055767059325
33,56,20,0.3571,0.21530159869701596,3.3329951821478975e-105,20.252191257476806
33,80,32,0.4,0.17113541086986753,1.3602159069430287e-66,26.34242925643921
33,56,24,0.4286,0.24771669067716692,1.0517520377083218e-139,19.684574556350707
33,64,28,0.4375,0.23370005464500054,3.9705411711930645e-124,20.495655393600465
33,64,32,0.5,0.2322600885546009,1.3862024912125774e-122,21.871623229980468
33,56,32,0.5714,0.31545177328651774,6.967406167592292e-230,17.8779176235199
33,48,28,0.5833,0.28798880541588806,2.9803716148407453e-190,12.02666494846344
33,40,24,0.6,0.3346414174064142,3.391840875175138e-260,11.884321331977844
33,32,20,0.625,0.45664478350244786,0.0,6.930054926872254
33,48,32,0.6667,0.3548351539523515,1.569815586652166e-294,13.878153324127197
33,40,28,0.7,0.4326504294785043,0.0,8.973188662528992
33,28,20,0.7143,0.46294813071348134,0.0,6.535566985607147
33,32,24,0.75,0.39131281245712807,0.0,8.42013177871704
33,40,32,0.8,0.3281520436975204,1.0690452707895307e-249,10.962050485610963
33,24,20,0.8333,0.5050144242221443,0.0,1.803929042816162
33,28,24,0.8571,0.45480834790808344,0.0,8.126580500602723
33,32,28,0.875,0.46607962022879623,0.0,7.846586394309997
33,32,32,1.0,0.3936320252523202,0.0,10.435923409461974
34,200,2,0.01,0.04766993056552576,1.8504314249911846e-06,62.958063220977785
34,160,6,0.0375,0.09994235579623062,1.2695009352297825e-23,51.92662925720215
34,192,12,0.0625,0.08548180003634821,1.1017098783429218e-17,59.54991836547852
34,176,16,0.0909,0.08363126074756866,5.4405602917434194e-17,54.764924144744874
34,200,24,0.12,0.08533532037673065,1.2517400428648368e-17,63.06650114059448
34,192,28,0.1458,0.05361913754806412,8.090306940337936e-08,59.76099557876587
34,160,28,0.175,0.09803518882292983,8.703278328929961e-23,50.51784896850586
34,160,32,0.2,0.1265762481880406,5.394489119135841e-37,51.45339059829712
34,96,20,0.2083,0.13556024806431985,3.163449742246704e-42,31.74270453453064
34,128,32,0.25,0.12180653358923148,2.2950414270188834e-34,41.43453912734985
34,112,32,0.2857,0.15944085352662457,6.2128756278754215e-58,36.326940822601316
34,64,20,0.3125,0.24659832568198325,2.005222527151871e-138,21.671244859695435
34,56,20,0.3571,0.25645240682052406,6.251297268263374e-150,20.086572408676147
34,80,32,0.4,0.1927772166743505,2.4887239531541705e-84,27.398843908309935
34,56,24,0.4286,0.22363699859237002,1.448914122475016e-113,17.045414876937866
34,64,28,0.4375,0.22051032917710328,2.180045042558817e-110,22.506514596939088
34,64,32,0.5,0.2777354805053548,1.509608712309394e-176,20.12854814529419
34,56,32,0.5714,0.25382442048624426,8.213194330942945e-147,18.564565896987915
34,48,28,0.5833,0.287156201463562,4.063431364766127e-189,14.89424958229065
34,40,24,0.6,0.37374202229342024,0.0,13.520742487907409
34,32,20,0.625,0.42267144107071436,0.0,8.863778257369995
34,48,32,0.6667,0.3227081462150814,4.364674463906463e-241,16.482096242904664
34,40,28,0.7,0.40368973950489734,0.0,9.7097487449646
34,28,20,0.7143,0.450192299965923,0.0,3.907334065437317
34,32,24,0.75,0.45591059914710597,0.0,6.762277507781983
34,40,32,0.8,0.383001700274017,0.0,11.406056571006776
34,24,20,0.8333,0.45778981925389817,0.0,5.8998208284378055
34,28,24,0.8571,0.3894653647986537,0.0,7.175689566135406
34,32,28,0.875,0.4132413519644135,0.0,7.931306457519531
34,32,32,1.0,0.4551909469119095,0.0,7.975521457195282
35,200,2,0.01,0.03548234294544114,0.00038683194979122204,62.93698577880859
35,160,6,0.0375,0.08086392905470942,5.557391575013596e-16,51.117880153656
35,192,12,0.0625,0.07879190574857477,3.010401819141112e-15,60.2068904876709
35,176,16,0.0909,0.09353637502606828,7.048477345149272e-21,55.09416599273682
35,200,24,0.12,0.09195760787253142,3.1378689359032364e-20,62.838471221923825
35,192,28,0.1458,0.08001430118594335,1.1168909816712228e-15,61.40092258453369
35,160,28,0.175,0.10990291876147562,2.982708232295088e-28,50.743687343597415
35,160,32,0.2,0.1159661491481311,2.7540602659158094e-31,50.86695928573609
35,96,20,0.2083,0.12134608597207101,4.0656293922316576e-34,32.84521923065186
35,128,32,0.25,0.15327872068142845,1.2554384391334662e-53,41.24115648269653
35,112,32,0.2857,0.1307331069944743,2.2743049070927937e-39,36.54725189208985
35,64,20,0.3125,0.2640314944083149,3.9513559591770926e-159,21.66646957397461
35,56,20,0.3571,0.2481644186976442,3.217700150211656e-140,19.73177628517151
35,80,32,0.4,0.21601044363610444,6.6877328987811365e-106,26.806498050689697
35,56,24,0.4286,0.28453751288537515,1.4200569461836145e-185,19.20942234992981
35,64,28,0.4375,0.24182232831022327,4.968468192955818e-133,22.290803575515746
35,64,32,0.5,0.2327336102273361,4.32115535370919e-123,20.97483925819397
35,56,32,0.5714,0.24063757230637572,1.0374898506908706e-131,19.769205951690672
35,48,28,0.5833,0.3483255470552555,3.4925651999430007e-283,13.770859122276306
35,40,24,0.6,0.36888199616882,0.0,10.022469925880433
35,32,20,0.625,0.42046184057261843,0.0,6.811141324043274
35,48,32,0.6667,0.32713089117130895,4.547665029980279e-248,12.419389748573304
35,40,28,0.7,0.3358157531741575,4.010079697575346e-262,10.778047180175781
35,28,20,0.7143,0.4224772332247723,0.0,8.961167001724244
35,32,24,0.75,0.43855471488554715,0.0,7.139180481433868
35,40,32,0.8,0.4292860192408602,0.0,10.997772932052612
35,24,20,0.8333,0.44931194126911944,0.0,7.515342879295349
35,28,24,0.8571,0.4844178261081783,0.0,6.024811339378357
35,32,28,0.875,0.4402577517465775,0.0,9.107629346847535
35,32,32,1.0,0.3902865202588652,0.0,9.582253527641296
36,200,2,0.01,0.04355947936446291,1.3157358201680197e-05,63.19264430999756
36,160,6,0.0375,0.03955825184160366,7.593524782035961e-05,51.58249702453613
36,192,12,0.0625,0.07235052116196518,4.3679454546918186e-13,60.76435651779175
36,176,16,0.0909,0.094906794525083,1.88898681271016e-21,55.04859886169434
36,200,24,0.12,0.07602669487996333,2.6834877203448007e-14,61.69432287216186
36,192,28,0.1458,0.07810167261876372,5.234737361571408e-15,60.42135581970215
36,160,28,0.175,0.09120080114330709,6.362499299305734e-20,50.540755081176755
36,160,32,0.2,0.08525988451953177,1.3366945327491268e-17,51.08639860153198
36,96,20,0.2083,0.14853409976968612,1.9665265098613192e-50,31.825593042373658
36,128,32,0.25,0.1247552793331407,5.593996192357039e-36,41.67894811630249
36,112,32,0.2857,0.17821562752180578,3.7758542749910254e-72,35.93476486206055
36,64,20,0.3125,0.2201850794338508,4.636306743041257e-110,21.607840967178344
36,56,20,0.3571,0.26989928279899283,1.8337188172116403e-166,19.498852443695068
36,80,32,0.4,0.17033043460781533,5.627516075599051e-66,26.072365760803223
36,56,24,0.4286,0.2855783280237833,5.604300628559145e-187,18.769995498657227
36,64,28,0.4375,0.23411043183710434,1.4360647666195697e-124,22.479621028900148
36,64,32,0.5,0.2632007789200078,4.168662169969481e-158,22.093189001083374
36,56,32,0.5714,0.2664071266920713,4.467648431802476e-162,19.909729528427125
36,48,28,0.5833,0.36027474435874746,3.2068929996655043e-304,14.774251031875611
36,40,24,0.6,0.3671835693838357,0.0,10.713700342178345
36,32,20,0.625,0.44611310698513107,0.0,5.279002177715301
36,48,32,0.6667,0.2533811121618111,2.735122479284913e-146,16.4216349363327
36,40,28,0.7,0.32428362444283626,1.4662120256203086e-243,12.051277470588683
36,28,20,0.7143,0.32844742392847426,3.603095990924853e-250,8.049694967269897
36,32,24,0.75,0.35714207073142074,1.2873244604213311e-298,8.549048781394958
36,40,32,0.8,0.3937221747852217,0.0,10.841706705093383
36,24,20,0.8333,0.44556677031966774,0.0,4.849924874305725
36,28,24,0.8571,0.4679174125911741,0.0,7.662560701370239
36,32,28,0.875,0.4543560262155602,0.0,7.424974679946899
36,32,32,1.0,0.41217935870979355,0.0,6.959354019165039
37,200,2,0.01,0.040738315200927085,4.6011612742455e-05,63.4077109336853
37,160,6,0.0375,0.08366269844421635,5.296464843540586e-17,50.98207712173462
37,192,12,0.0625,0.08380861037237344,4.675448674990993e-17,60.52932691574097
37,176,16,0.0909,0.08921550895300091,3.9533502830317587e-19,55.568330478668216
37,200,24,0.12,0.09026656940446166,1.5104761428531928e-19,62.127032089233396
37,192,28,0.1458,0.09413828218212786,3.962273743004347e-21,60.1195574760437
37,160,28,0.175,0.10874558247534137,1.08432880637272e-27,52.01557722091675
37,160,32,0.2,0.13665794948764848,6.850348123696154e-43,50.72439661026001
37,96,20,0.2083,0.1763727089408752,1.112421632798692e-70,31.985511922836302
37,128,32,0.25,0.14891606795391846,1.0973598606133493e-50,41.26945810317993
37,112,32,0.2857,0.14566736723298568,1.4915428171699955e-48,35.162683963775635
37,64,20,0.3125,0.2001778184857782,6.493584440552795e-91,20.55934348106384
37,56,20,0.3571,0.24836087792360878,1.9121178115709845e-140,18.166219806671144
37,80,32,0.4,0.2148768295767022,8.702382144025967e-105,26.774584770202637
37,56,24,0.4286,0.25313912678339123,5.269065966887681e-146,19.592312002182005
37,64,28,0.4375,0.21795039490350393,8.005577931227509e-108,22.165182971954344
37,64,32,0.5,0.21940999306609993,2.785951547143228e-109,22.72993745803833
37,56,32,0.5714,0.30987311665473116,1.758304110717808e-221,19.97513418197632
37,48,28,0.5833,0.3061076874850769,6.512035436361221e-216,13.624615454673767
37,40,24,0.6,0.39123765140437655,0.0,13.414229679107667
37,32,20,0.625,0.35745165008251645,3.6202724674212267e-299,9.083548784255981
37,48,32,0.6667,0.34588494719084945,5.351264504880109e-279,12.232703447341919
37,40,28,0.7,0.374826798580268,0.0,13.76346197128296
37,28,20,0.7143,0.4087463928674639,0.0,5.732879531383515
37,32,24,0.75,0.4783852611918526,0.0,8.864616811275482
37,40,32,0.8,0.3855367338633674,0.0,11.371428537368775
37,24,20,0.8333,0.45941129257011293,0.0,4.9534821033477785
37,28,24,0.8571,0.45936950292969503,0.0,6.2508715987205505
37,32,28,0.875,0.4160985798089858,0.0,9.654401469230653
37,32,32,1.0,0.43531465272914655,0.0,9.036957144737244
38,200,2,0.01,0.052214599182063094,1.7474815082374154e-07,63.64476413726807
38,160,6,0.0375,0.054905559896801154,3.9289953763376444e-08,50.800778770446776
38,192,12,0.0625,0.06959803813855639,3.228905159822373e-12,57.99208450317383
38,176,16,0.0909,0.09518187661474416,1.4469048341397492e-21,55.73410930633545
38,200,24,0.12,0.0808180691035228,5.771834863229495e-16,62.96644239425659
38,192,28,0.1458,0.08613256278904988,6.231562784766467e-18,60.36216487884521
38,160,28,0.175,0.1065041099432631,1.2700103456725795e-26,51.192563438415526
38,160,32,0.2,0.08386466082017038,4.456485304947721e-17,50.76934900283813
38,96,20,0.2083,0.1383345987841025,6.459367230713459e-44,31.24011597633362
38,128,32,0.25,0.12510908630453554,3.560709043357254e-36,41.83056411743164
38,112,32,0.2857,0.17328297639331458,2.973824648835786e-68,36.35190086364746
38,64,20,0.3125,0.23053048708930488,9.5756275800254e-121,22.54072971343994
38,56,20,0.3571,0.22812175588921757,3.291194915728382e-118,20.372425365448
38,80,32,0.4,0.19791099114148483,7.200639967374363e-89,27.437370824813843
38,56,24,0.4286,0.24227941862279417,1.5314535799752991e-133,20.032232666015624
38,64,28,0.4375,0.21700211258202115,7.001553683552509e-107,22.144464588165285
38,64,32,0.5,0.2548827628488276,4.6025875378573534e-148,21.97997589111328
38,56,32,0.5714,0.29856105336961053,5.349224554433438e-205,18.517609310150146
38,48,28,0.5833,0.32935987997359883,1.2425282397373173e-251,16.04781038761139
38,40,24,0.6,0.3419735290077353,2.2815783912361282e-272,11.702806043624879
38,32,20,0.625,0.41349755310697556,0.0,9.62210373878479
38,48,32,0.6667,0.2915255143912552,4.0872032422651914e-195,16.299279499053956
38,40,28,0.7,0.37722122134021224,0.0,13.566422414779662
38,28,20,0.7143,0.41299030788190305,0.0,6.803629362583161
38,32,24,0.75,0.37932843409328426,0.0,10.431659197807312
38,40,32,0.8,0.388227297138273,0.0,11.9696355342865
38,24,20,0.8333,0.4874898402748984,0.0,1.7070397466421128
38,28,24,0.8571,0.45607797357677976,0.0,7.711342167854309
38,32,28,0.875,0.4424197738521978,0.0,9.879086220264435
38,32,32,1.0,0.3892638681406387,0.0,11.016864562034607
39,200,2,0.01,0.05709301417024804,1.1084000940923817e-08,63.59015426635742
39,160,6,0.0375,0.08031518985010593,8.730050162886409e-16,51.265043354034425
39,192,12,0.0625,0.07519580059326285,5.101259223247059e-14,60.282847213745114
39,176,16,0.0909,0.08943763823365988,3.2289564454181054e-19,55.735601806640624
39,200,24,0.12,0.07611705577754227,2.5013783197532313e-14,62.99585475921631
39,192,28,0.1458,0.08292200866317977,9.942478391409148e-17,60.033712768554686
39,160,28,0.175,0.09424442094881855,3.578225525688545e-21,51.241566848754886
39,160,32,0.2,0.10785529924750549,2.899319114068547e-27,50.879633617401126
39,96,20,0.2083,0.15192144569813146,1.0553585637431039e-52,31.67415099143982
39,128,32,0.25,0.13010173671739936,5.280164535384106e-39,41.39487352371216
39,112,32,0.2857,0.17594463643413155,2.4279209152559653e-70,36.879691982269286
39,64,20,0.3125,0.26359699995196995,1.356452491414534e-158,22.01534957885742
39,56,20,0.3571,0.2756914711529147,6.943991963255318e-174,18.5546226978302
39,80,32,0.4,0.1991847801838478,5.144996291575756e-90,26.58015356063843
39,56,24,0.4286,0.2605415751014158,7.4251939460121834e-155,18.790811443328856
39,64,28,0.4375,0.19842938190429382,2.4657414169515074e-89,22.02186870574951
39,64,32,0.5,0.24955733313557332,7.95436632927405e-142,22.074531269073486
39,56,32,0.5714,0.3526580780625808,1.0490799149547434e-290,18.283207654953003
39,48,28,0.5833,0.291040202358402,1.9180717732835554e-194,15.982325506210326
39,40,24,0.6,0.39159290204792907,0.0,9.036337041854859
39,32,20,0.625,0.31298187132981875,3.8500097469690206e-226,8.982758378982544
39,48,32,0.6667,0.38091394488513947,0.0,14.621345329284669
39,40,28,0.7,0.23446119720461198,6.011368266278474e-125,13.984707283973695
39,28,20,0.7143,0.450751803919518,0.0,5.61868953704834
39,32,24,0.75,0.4385522612095226,0.0,9.531814241409302
39,40,32,0.8,0.31290557496905574,5.017603658545555e-226,11.211124777793884
39,24,20,0.8333,0.46676742604767424,0.0,5.56298395395279
39,28,24,0.8571,0.4708890676248907,0.0,4.30562082529068
39,32,28,0.875,0.43113751115137505,0.0,11.506596946716309
39,32,32,1.0,0.39292843374528436,0.0,9.912664985656738
40,200,2,0.01,0.03057412434850159,0.0022300924738577655,63.31028366088867
40,160,6,0.0375,0.07870911778731182,3.217752176559995e-15,51.220795726776124
40,192,12,0.0625,0.06914362494260153,4.459948062403939e-12,60.49132442474365
40,176,16,0.0909,0.07593195951635784,2.888412544202589e-14,55.786921215057376
40,200,24,0.12,0.0728060309840704,3.114129522820782e-13,61.92842426300049
40,192,28,0.1458,0.07480153665626531,6.902460734444655e-14,59.67797145843506
40,160,28,0.175,0.08965941035972648,2.6368412186491335e-19,51.359957218170166
40,160,32,0.2,0.08723831723766652,2.3433876218136982e-18,51.2162220954895
40,96,20,0.2083,0.16078456996096385,6.775101822214649e-59,31.224917221069337
40,128,32,0.25,0.15882303959654667,1.7097918006602884e-57,41.24678192138672
40,112,32,0.2857,0.1378381319990063,1.3037492548914416e-43,37.45934801101684
40,64,20,0.3125,0.21992761356327611,8.417951028440107e-110,21.75930771827698
40,56,20,0.3571,0.29534437584144374,1.912759783093447e-200,18.815652418136597
40,80,32,0.4,0.2016414678016245,3.011562808244853e-92,23.775218868255614
40,56,24,0.4286,0.24502786715027866,1.2272652498173505e-136,19.83451466560364
40,64,28,0.4375,0.2503386186913862,9.88155257583535e-143,21.80190315246582
40,64,32,0.5,0.31781664199016646,1.6834309986480807e-233,19.383359241485596
40,56,32,0.5714,0.2610338611503386,1.869677524075721e-155,16.306562900543213
40,48,28,0.5833,0.32167835300478353,1.7737100067444708e-239,14.70392186641693
40,40,24,0.6,0.3080504150005042,8.93139443037476e-219,13.847450590133667
40,32,20,0.625,0.38444622606446227,0.0,9.790550255775452
40,48,32,0.6667,0.25395578818355785,5.747627129539387e-147,16.99866473674774
40,40,28,0.7,0.29027307374273076,2.1953529972398067e-193,11.88687698841095
40,28,20,0.7143,0.3823883418798834,0.0,6.78520290851593
40,32,24,0.75,0.3266702157267022,2.4577254094264553e-247,9.133336770534516
40,40,32,0.8,0.3427045546270455,1.3378610718651361e-273,12.834858655929565
40,24,20,0.8333,0.49667852288278524,0.0,5.788141024112702
40,28,24,0.8571,0.49909133824691343,0.0,6.5959259390830995
40,32,28,0.875,0.4005477846094779,0.0,9.433322763442993
40,32,32,1.0,0.4348532020845321,0.0,9.448398232460022
41,200,2,0.01,0.06736365514340019,1.5495325817550577e-11,62.6522313117981
41,160,6,0.0375,0.0863516353726155,5.138908027217882e-18,51.22891674041748
41,192,12,0.0625,0.06176540098303231,6.342687727669177e-10,60.72934055328369
41,176,16,0.0909,0.0604276917120651,1.4707381639150658e-09,56.34071493148804
41,200,24,0.12,0.07013062958113392,2.205518507687423e-12,62.82758874893189
41,192,28,0.1458,0.0709233694930254,1.2440304203442526e-12,60.56764822006225
41,160,28,0.175,0.10311725667655307,4.743134977105307e-25,51.78182964324951
41,160,32,0.2,0.1257883076780378,1.4904632142444349e-36,51.051272583007815
41,96,20,0.2083,0.172722905062538,8.098673540391868e-68,32.24836201667786
41,128,32,0.25,0.13179484352825857,5.465379212052936e-40,41.94046421051026
41,112,32,0.2857,0.15497071266950693,8.59403410636503e-55,37.546729755401614
41,64,20,0.3125,0.2606262773062628,5.85796383089528e-155,21.606201267242433
41,56,20,0.3571,0.2642288916142889,2.2545214789163074e-159,19.440309524536133
41,80,32,0.4,0.18135253604878968,1.0937004538711026e-74,27.014267921447754
41,56,24,0.4286,0.2869833720018337,6.981194010112507e-189,19.859669828414916
41,64,28,0.4375,0.24519832368398323,7.863651482909998e-137,21.983181524276734
41,64,32,0.5,0.24305514609055145,2.0663657793045739e-134,21.90778269767761
41,56,32,0.5714,0.2662745088827451,6.53692826251185e-162,18.956501388549803
41,48,28,0.5833,0.3229361103013611,1.918357078174871e-241,16.589852261543275
41,40,24,0.6,0.3233433425454334,4.409369296144332e-242,11.9493638753891
41,32,20,0.625,0.411282099044821,0.0,8.291778922080994
41,48,32,0.6667,0.36757918877179185,0.0,13.923871803283692
41,40,28,0.7,0.35600037627200376,1.3683471678491166e-296,11.668747520446777
41,28,20,0.7143,0.43762581293625813,0.0,3.2258500277996065
41,32,24,0.75,0.43296479488564793,0.0,8.262729442119598
41,40,32,0.8,0.3999124874071249,0.0,13.010967755317688
41,24,20,0.8333,0.45999493063594926,0.0,4.45678523182869
41,28,24,0.8571,0.44926915339669155,0.0,7.42056884765625
41,32,28,0.875,0.4836139085521391,0.0,6.577951276302338
41,32,32,1.0,0.4621884815418848,0.0,5.941954338550568
42,200,2,0.01,0.04688074618837583,2.7311531906441427e-06,62.784352684020995
42,160,6,0.0375,0.08317996304417566,7.989403382458195e-17,51.47206525802612
42,192,12,0.0625,0.08294340520024625,9.763991611405099e-17,60.19675664901733
42,176,16,0.0909,0.07276221069774862,3.2174481116613284e-13,55.94903535842896
42,200,24,0.12,0.08679005215601102,3.4888519447233496e-18,61.30595321655274
42,192,28,0.1458,0.06359884546601334,1.9461142103074287e-10,59.984054470062254
42,160,28,0.175,0.10144631155717963,2.7099999151892287e-24,51.05234260559082
42,160,32,0.2,0.09923758567256862,2.5969412430992646e-23,50.67590866088867
42,96,20,0.2083,0.1909754819389969,9.08892451220984e-83,31.9491970539093
42,128,32,0.25,0.1190302437065313,6.976848990313488e-33,41.565403079986574
42,112,32,0.2857,0.15341892355155348,1.0064659551376392e-53,36.487167072296145
42,64,20,0.3125,0.19054953143749534,2.1164989483404752e-82,21.489661169052123
42,56,20,0.3571,0.26180994945809954,2.113055021936218e-156,19.78406524658203
42,80,32,0.4,0.22332728210527283,3.005959733036817e-113,26.381602144241334
42,56,24,0.4286,0.23558425253184254,3.6630054250014844e-126,19.27844305038452
42,64,28,0.4375,0.22250145858501458,2.0926932628098387e-112,21.531284475326537
42,64,32,0.5,0.23581350825013508,2.0653330905293954e-126,21.527643394470214
42,56,32,0.5714,0.26285417631654173,1.1113193391897763e-157,19.58331217765808
42,48,28,0.5833,0.3435433512874335,5.1154806359732246e-275,15.809289026260377
42,40,24,0.6,0.36515895194268505,0.0,11.116023755073547
42,32,20,0.625,0.36874256942742567,0.0,9.461280679702758
42,48,32,0.6667,0.34603380647233806,2.9802550903227842e-279,14.252578353881836
42,40,28,0.7,0.3842924278469243,0.0,11.977280449867248
42,28,20,0.7143,0.440547103381471,0.0,6.325843071937561
42,32,24,0.75,0.39961546726815467,0.0,10.502648115158081
42,40,32,0.8,0.39782660765426614,0.0,11.343829202651978
42,24,20,0.8333,0.463306194973062,0.0,7.474584531784058
42,28,24,0.8571,0.4412297203402973,0.0,7.2718987464904785
42,32,28,0.875,0.4833038502810385,0.0,6.796664035320282
42,32,32,1.0,0.4169412630534126,0.0,7.952485954761505
43,200,2,0.01,0.029865929969546772,0.0028183490112613716,63.52502851486206
43,160,6,0.0375,0.09828787748017952,6.75829165386317e-23,51.42573804855347
43,192,12,0.0625,0.06571175693743221,4.7854062729276156e-11,60.390235900878906
43,176,16,0.0909,0.0808950003251333,5.416581739759838e-16,55.04166212081909
43,200,24,0.12,0.06714054099280206,1.8073084489540378e-11,62.54799480438233
43,192,28,0.1458,0.08586733067769066,7.864713123530382e-18,60.61562156677246
43,160,28,0.175,0.12699329906350867,3.1419396628524e-37,50.753056335449216
43,160,32,0.2,0.11183715677417978,3.3451004108384117e-29,50.20720911026001
43,96,20,0.2083,0.13802933034481654,9.9509611169206e-44,31.864028882980346
43,128,32,0.25,0.1652169394644368,3.949029665798997e-62,41.999952507019046
43,112,32,0.2857,0.11094545436651168,9.215945473780754e-29,37.48679666519165
43,64,20,0.3125,0.1902802286708023,3.60798069198592e-82,22.370025825500488
43,56,20,0.3571,0.27764363995643637,1.9906590282819395e-176,18.337532424926756
43,80,32,0.4,0.22092401792656574,8.33458764571344e-111,27.266576480865478
43,56,24,0.4286,0.2860999263889992,1.1034623535220477e-187,19.841486024856568
43,64,28,0.4375,0.2230427898824279,5.870633313712649e-113,22.386580610275267
43,64,32,0.5,0.25890681322506814,7.08570757034401e-153,20.326140308380126
43,56,32,0.5714,0.24744566150645664,2.151659874619566e-139,17.707075786590575
43,48,28,0.5833,0.2637234272612342,9.47644351508325e-159,14.41992220878601
43,40,24,0.6,0.3533934701459347,5.39709962795449e-292,13.736555480957032
43,32,20,0.625,0.3888995379249953,0.0,8.386788761615753
43,48,32,0.6667,0.35279801601598015,5.9683831360850316e-291,15.850639748573304
43,40,28,0.7,0.3063913903479139,2.4946783000418957e-216,13.51900327205658
43,28,20,0.7143,0.3854868142468681,0.0,8.682359778881073
43,32,24,0.75,0.41907162374671625,0.0,4.387598687410355
43,40,32,0.8,0.33469182895091826,2.804627228203165e-260,14.742478966712952
43,24,20,0.8333,0.4844664354566644,0.0,2.3748208582401276
43,28,24,0.8571,0.3997114082291141,0.0,8.09274115562439
43,32,28,0.875,0.38567821596478213,0.0,10.145041298866271
43,32,32,1.0,0.37093885117338854,0.0,8.257570886611939
44,200,2,0.01,0.049339906287638034,7.958583804482934e-07,63.775701713562015
44,160,6,0.0375,0.06406253416189545,1.4358580718785084e-10,51.054531002044676
44,192,12,0.0625,0.09625463014558278,5.078053162486249e-22,60.286513328552246
44,176,16,0.0909,0.07914712665662423,2.2602811091841497e-15,55.881171798706056
44,200,24,0.12,0.07077813045662398,1.3822784904604941e-12,62.69197387695313
44,192,28,0.1458,0.10053630310904836,6.917847381691584e-24,60.811461734771726
44,160,28,0.175,0.10569555928004627,3.0464611020109087e-26,50.51095428466797
44,160,32,0.2,0.09801538315990196,8.877294326949366e-23,50.79646692276001
44,96,20,0.2083,0.11729266601839687,5.676407475452429e-32,33.16652202606201
44,128,32,0.25,0.14355824488969657,3.408471726950271e-47,41.67803335189819
44,112,32,0.2857,0.1560007586871464,1.6546206885338215e-55,37.616775035858154
44,64,20,0.3125,0.222084902052849,5.552427790073402e-112,21.61310820579529
44,56,20,0.3571,0.2393846694538467,2.5337610735316714e-130,17.66759123802185
44,80,32,0.4,0.21262895592228956,1.3502035976521056e-102,26.861041831970216
44,56,24,0.4286,0.2681807820658078,2.6933324541933485e-164,18.435630798339844
44,64,28,0.4375,0.29975193345351936,1.065643638015134e-206,20.910763597488405
44,64,32,0.5,0.1889361601013616,5.1068710758457075e-81,22.50414514541626
44,56,32,0.5714,0.22816813248168133,2.9430753361902776e-118,17.60795431137085
44,48,28,0.5833,0.3006122455021224,6.2226795950471875e-208,14.6692800283432
44,40,24,0.6,0.3633052639890526,1.058634007473457e-309,11.761205172538757
44,32,20,0.625,0.39168512507285125,0.0,10.2622962474823
44,48,32,0.6667,0.2890890619188906,9.310360416967756e-192,15.798677611351014
44,40,28,0.7,0.3379491875234919,1.2027330918846172e-265,12.963571095466614
44,28,20,0.7143,0.4396719508727195,0.0,6.037710285186767
44,32,24,0.75,0.4418080794740808,0.0,7.060024106502533
44,40,32,0.8,0.3840481825564818,0.0,12.691285371780396
44,24,20,0.8333,0.50774400679344,0.0,1.89339351169765
44,28,24,0.8571,0.3978498367144984,0.0,6.132100582122803
44,32,28,0.875,0.37874822793148233,0.0,8.304094421863557
44,32,32,1.0,0.4539880096838801,0.0,11.215238237380982
45,200,2,0.01,0.018507636329702332,0.06421405241450845,63.154823780059814
45,160,6,0.0375,0.07395766592106172,1.311661027254322e-13,51.18989009857178
45,192,12,0.0625,0.08238365727849793,1.565961919628489e-16,59.7770320892334
45,176,16,0.0909,0.07364050493157466,1.6665297166875695e-13,55.40921697616577
45,200,24,0.12,0.06698602725865553,2.0099690855363715e-11,62.64183597564697
45,192,28,0.1458,0.08437439319485457,2.8768825658241864e-17,59.75452289581299
45,160,28,0.175,0.13348220146760334,5.53297296960061e-41,50.6213303565979
45,160,32,0.2,0.11662077702594635,1.2661178419754517e-31,50.697218894958496
45,96,20,0.2083,0.11965285981590681,3.266850933196188e-33,32.16601166725159
45,128,32,0.25,0.14959378672942758,3.883055386825571e-51,41.82897081375122
45,112,32,0.2857,0.16371915672268203,5.009223318585081e-61,36.94326276779175
45,64,20,0.3125,0.23158098944380986,7.342296138060784e-122,21.746493196487428
45,56,20,0.3571,0.22471987707919877,1.1197016855377034e-114,20.312838745117187
45,80,32,0.4,0.2219375928473759,7.836761424673748e-112,27.534374809265138
45,56,24,0.4286,0.2169687208896872,7.55572194318072e-107,17.884032082557678
45,64,28,0.4375,0.23564298706042988,3.163074264982694e-126,21.7885760307312
45,64,32,0.5,0.2594316087623161,1.6459356447066705e-153,21.106637477874756
45,56,32,0.5714,0.21644922400049224,2.4673462748041783e-106,17.346598672866822
45,48,28,0.5833,0.2365526885175269,3.241931366327174e-127,16.91524157524109
45,40,24,0.6,0.3591611632476116,3.2008862864281616e-302,11.753280568122864
45,32,20,0.625,0.4516122829241228,0.0,10.4350656747818
45,48,32,0.6667,0.3059355225233552,1.16510640584336e-215,15.557803916931153
45,40,28,0.7,0.33417064806570645,1.9983725658359131e-259,11.845691180229187
45,28,20,0.7143,0.443116302399163,0.0,6.194533002376557
45,32,24,0.75,0.4055740467237405,0.0,10.048669815063477
45,40,32,0.8,0.43221454608214543,0.0,11.084666657447816
45,24,20,0.8333,0.4786725142067252,0.0,3.3777134656906127
45,28,24,0.8571,0.35739037954590386,4.654050143764258e-299,6.301975739002228
45,32,28,0.875,0.4757513901655139,0.0,6.218322277069092
45,32,32,1.0,0.44343448875034486,0.0,8.044812965393067
46,200,2,0.01,0.0512882734320579,2.873453243877029e-07,63.13394365310669
46,160,6,0.0375,0.09471939996362003,2.264209684041282e-21,50.97156963348389
46,192,12,0.0625,0.0694297727359523,3.640004178411883e-12,58.93556365966797
46,176,16,0.0909,0.07025555538447391,2.0160555501204263e-12,55.63635835647583
46,200,24,0.12,0.07207450456626206,5.356463788997469e-13,63.000300884246826
46,192,28,0.1458,0.08641722031690552,4.850252596030835e-18,59.92346000671387
46,160,28,0.175,0.11763578011427152,3.7616023246688053e-32,51.8275580406189
46,160,32,0.2,0.12619051699856168,8.879160919069176e-37,50.633404636383055
46,96,20,0.2083,0.14875361024437467,1.40664969766566e-50,32.419548225402835
46,128,32,0.25,0.11455195307121359,1.4538099284528e-30,41.612461757659915
46,112,32,0.2857,0.1672430425459501,1.2225520967224145e-63,36.586887454986574
46,64,20,0.3125,0.22605911284059116,4.6316068079669464e-116,21.349371004104615
46,56,20,0.3571,0.26517854038778543,1.5058002860569753e-160,17.504049205780028
46,80,32,0.4,0.24722666627575002,3.834182039266919e-139,24.430771255493163
46,56,24,0.4286,0.26752185213521856,1.806934942536315e-163,18.4340811252594
46,64,28,0.4375,0.2515449447554494,3.8903294401273744e-144,22.232387018203735
46,64,32,0.5,0.2513180764251808,7.157667282794234e-144,22.478132343292238
46,56,32,0.5714,0.31000193713601937,1.130127854897866e-221,17.054433965682982
46,48,28,0.5833,0.21300420148204202,5.840304972790935e-103,17.159903049468994
46,40,24,0.6,0.30645472850854727,2.0133536455906184e-216,12.900725936889648
46,32,20,0.625,0.38019105384991053,0.0,10.361555433273315
46,48,32,0.6667,0.3067555216515552,7.26938056040228e-217,15.463748717308045
46,40,28,0.7,0.327717298621173,5.286962385571917e-249,11.285271453857423
46,28,20,0.7143,0.3963407616634076,0.0,7.895138466358185
46,32,24,0.75,0.4112849759968497,0.0,6.625774300098419
46,40,32,0.8,0.37338206617382064,0.0,12.799471378326416
46,24,20,0.8333,0.44267610257876105,0.0,8.68169937133789
46,28,24,0.8571,0.46292669510126694,0.0,6.360897374153137
46,32,28,0.875,0.4238104551621046,0.0,7.960600817203522
46,32,32,1.0,0.4303567284315673,0.0,8.835073924064636
47,200,2,0.01,0.03862482815639705,0.00011180064835978492,62.95812120437622
47,160,6,0.0375,0.07571700698849895,3.412165880885821e-14,51.270066261291504
47,192,12,0.0625,0.09088975171937493,8.493198016617172e-20,61.32693386077881
47,176,16,0.0909,0.07734507183115501,9.547354389087631e-15,55.5814564704895
47,200,24,0.12,0.06877990882858624,5.767178162316279e-12,62.860144233703615
47,192,28,0.1458,0.07873308836058952,3.15631082927047e-15,60.20506534576416
47,160,28,0.175,0.12360804944648965,2.3986475284491238e-35,50.77144422531128
47,160,32,0.2,0.10449536458856737,1.1027426572294676e-25,50.259322834014895
47,96,20,0.2083,0.15743098228091332,1.648293100375612e-56,32.50008478164673
47,128,32,0.25,0.1410577128065224,1.3096843496928028e-45,41.755858993530275
47,112,32,0.2857,0.16867038936425158,1.029078144284899e-64,37.02605628967285
47,64,20,0.3125,0.21780940107009403,1.1058790434177292e-107,22.54154963493347
47,56,20,0.3571,0.27648199511281996,6.523808332904961e-175,17.963680934906005
47,80,32,0.4,0.22210919963042464,5.245515104925748e-112,27.848711252212524
47,56,24,0.4286,0.2512620589966206,8.31973658682803e-144,17.37486777305603
47,64,28,0.4375,0.187694900188949,5.797920941025109e-80,21.34085659980774
47,64,32,0.5,0.2764316101671454,7.586948113225185e-175,22.35007438659668
47,56,32,0.5714,0.2409629820936298,4.510410995528877e-132,18.883179044723512
47,48,28,0.5833,0.2544833823248338,1.3676397673123928e-147,15.76203694343567
47,40,24,0.6,0.3840683257086833,0.0,11.427274084091186
47,32,20,0.625,0.39251856399718565,0.0,10.80074610710144
47,48,32,0.6667,0.2757054527850546,6.6599798450970075e-174,14.355401468276977
47,40,28,0.7,0.3898280663982807,0.0,10.502164554595947
47,28,20,0.7143,0.4095341939673419,0.0,7.295524764060974
47,32,24,0.75,0.4081194528851946,0.0,8.571208155155182
47,40,32,0.8,0.4411674135556742,0.0,9.562796592712402
47,24,20,0.8333,0.42903431353834315,0.0,5.778130412101746
47,28,24,0.8571,0.423594405467944,0.0,6.037410140037537
47,32,28,0.875,0.4383849132278491,0.0,8.350681853294372
47,32,32,1.0,0.42353115059931157,0.0,6.019271826744079
